========================================================================
TEST: tests/integration/test_aggregation_session.py::TestAggregationSessionFilter::test_filter_all_sessions
========================================================================

  ► POST  https://spp-dev.smartpack.world/api/web/v1/aggregation_session/pallets/filter
    REQUEST BODY:
      {
        "limit": 20,
        "offset": 0
      }
    RESPONSE STATUS: 200
    RESPONSE BODY:
      {
        "data": [
          {
            "id_agg_session": "698c736dc0a08305e347b9cd",
            "line_number": 995077,
            "name": "Сессия 394",
            "number": 394,
            "is_active": false,
            "start_date": "2026-02-11T12:17:49.213000+00:00",
            "end_date": "2026-02-11T12:18:23.057000+00:00",
            "count_packages": 2,
            "count_pallets": 1,
            "is_send_aggregation": true,
            "product_group": "milk"
          },
          {
            "id_agg_session": "6977504cf62bdbb988b4c95b",
            "line_number": 995077,
            "name": "Сессия 393",
            "number": 393,
            "is_active": false,
            "start_date": "2026-01-26T11:30:20.566000+00:00",
            "end_date": "2026-01-26T11:31:49.648000+00:00",
            "count_packages": 3,
            "count_pallets": 1,
            "is_send_aggregation": true,
            "product_group": "milk"
          },
          {
            "id_agg_session": "69723f5dba73024e9431b3f0",
            "line_number": 994952,
            "name": "Сессия 392",
            "number": 392,
            "is_active": false,
            "start_date": "2026-01-22T15:16:45.240000+00:00",
            "end_date": "2026-01-22T15:17:29.362000+00:00",
            "count_packages": 1,
            "count_pallets": 1,
            "is_send_aggregation": true,
            "product_group": "water"
          },
          {
            "id_agg_session": "696a37434c785a0acf4ace36",
            "line_number": 9015,
            "name": "Сессия 391",
            "number": 391,
            "is_active": false,
            "start_date": "2026-01-16T13:04:03.185000+00:00",
            "end_date": "2026-01-16T13:04:45.261000+00:00",
            "count_packages": 2,
            "count_pallets": 1,
            "is_send_aggregation": true,
            "product_group": "milk"
          },
          {
            "id_agg_session": "6968e2945c582e4fe85e4fcb",
            "line_number": 9015,
            "name": "Сессия 390",
            "number": 390,
            "is_active": false,
            "start_date": "2026-01-15T12:50:28.573000+00:00",
            "end_date": "2026-01-15T12:51:26.789000+00:00",
            "count_packages": 2,
            "count_pallets": 1,
            "is_send_aggregation": true,
            "product_group": "milk"
          },
          {
            "id_agg_session": "692854e0b1feb00b12ec7e17",
            "line_number": 995064,
            "name": "Сессия 389",
            "number": 389,
            "is_active": true,
            "start_date": "2025-11-27T13:40:48.566000+00:00",
            "end_date": null,
            "count_packages": 0,
            "count_pallets": 0,
            "is_send_aggregation": false,
            "product_group": "water"
          },
          {
            "id_agg_session": "692851f7b1feb00b12ec7e09",
            "line_number": 995064,
            "name": "Сессия 388",
            "number": 388,
            "is_active": false,
            "start_date": "2025-11-27T13:28:23.742000+00:00",
            "end_date": "2025-11-27T13:40:41.907000+00:00",
            "count_packages": 2,
            "count_pallets": 1,
            "is_send_aggregation": false,
            "product_group": "water"
          },
          {
            "id_agg_session": "6926cfe911e5196b7018c961",
            "line_number": 995064,
            "name": "Сессия 387",
            "number": 387,
            "is_active": false,
            "start_date": "2025-11-26T10:01:13.032000+00:00",
            "end_date": "2025-11-27T13:28:16.056000+00:00",
            "count_packages": 1,
            "count_pallets": 1,
            "is_send_aggregation": false,
            "product_group": "water"
          },
          {
            "id_agg_session": "6926cf9e11e5196b7018c95d",
            "line_number": 995064,
            "name": "Сессия 386",
            "number": 386,
            "is_active": false,
            "start_date": "2025-11-26T09:59:58.488000+00:00",
            "end_date": "2025-11-26T10:01:09.258000+00:00",
            "count_packages": 0,
            "count_pallets": 1,
            "is_send_aggregation": false,
            "product_group": "water"
          },
          {
            "id_agg_session": "692443bf0d8abcd03729e2d6",
            "line_number": 994926,
            "name": "Сессия 385",
            "number": 385,
            "is_active": true,
            "start_date": "2025-11-24T11:38:39.598000+00:00",
            "end_date": null,
            "count_packages": 1,
            "count_pallets": 1,
            "is_send_aggregation": false,
            "product_group": "water"
          },
          {
            "id_agg_session": "6923fc660d8abcd03729e2c4",
            "line_number": 994930,
            "name": "Сессия 384",
            "number": 384,
            "is_active": true,
            "start_date": "2025-11-24T06:34:14.474000+00:00",
            "end_date": null,
            "count_packages": 2,
            "count_pallets": 1,
            "is_send_aggregation": false,
            "product_group": "water"
          },
          {
            "id_agg_session": "690c5cd663e6106eb70cbefd",
            "line_number": 995040,
            "name": "Сессия 383",
            "number": 383,
            "is_active": true,
            "start_date": "2025-11-06T08:31:18.661000+00:00",
            "end_date": null,
            "count_packages": 1,
            "count_pallets": 1,
            "is_send_aggregation": false,
            "product_group": "water"
          },
          {
            "id_agg_session": "69060bef1a98e19426afafe5",
            "line_number": 995066,
            "name": "Сессия 382",
            "number": 382,
            "is_active": false,
            "start_date": "2025-11-01T13:32:31.589000+00:00",
            "end_date": "2025-11-01T13:34:11.721000+00:00",
            "count_packages": 2,
            "count_pallets": 2,
            "is_send_aggregation": false,
            "product_group": "bio"
          },
          {
            "id_agg_session": "68f76e5addaab324e0239f45",
            "line_number": 995064,
            "name": "Сессия 381",
            "number": 381,
            "is_active": false,
            "start_date": "2025-10-21T11:28:26.242000+00:00",
            "end_date": "2025-11-26T09:59:53.960000+00:00",
            "count_packages": 1,
            "count_pallets": 1,
            "is_send_aggregation": false,
            "product_group": "water"
          },
          {
            "id_agg_session": "68936d665b9646b4ab4fd299",
            "line_number": 994877,
            "name": "Сессия 380",
            "number": 380,
            "is_active": false,
            "start_date": "2025-08-06T14:57:42.098000+00:00",
            "end_date": "2025-08-06T14:58:10.640000+00:00",
            "count_packages": 1,
            "count_pallets": 1,
            "is_send_aggregation": true,
            "product_group": "milk"
          },
          {
            "id_agg_session": "685d252d7475b65169d15c82",
            "line_number": 994838,
            "name": "Сессия 379",
            "number": 379,
            "is_active": true,
            "start_date": "2025-06-26T10:47:09.344000+00:00",
            "end_date": null,
            "count_packages": 0,
            "count_pallets": 0,
            "is_send_aggregation": false,
            "product_group": "milk"
          },
          {
            "id_agg_session": "685d1f277475b65169d15c7e",
            "line_number": 994728,
            "name": "Сессия 378",
            "number": 378,
            "is_active": true,
            "start_date": "2025-06-26T10:21:27.463000+00:00",
            "end_date": null,
            "count_packages": 1,
            "count_pallets": 0,
            "is_send_aggregation": false,
            "product_group": "water"
          },
          {
            "id_agg_session": "6853fb9d020cfa407271a627",
            "line_number": 994728,
            "name": "Сессия 377",
            "number": 377,
            "is_active": false,
            "start_date": "2025-06-19T11:59:25.790000+00:00",
            "end_date": "2025-06-19T11:59:49.737000+00:00",
            "count_packages": 1,
            "count_pallets": 1,
            "is_send_aggregation": true,
            "product_group": "water"
          },
          {
            "id_agg_session": "6853f518020cfa407271a61b",
            "line_number": 995040,
            "name": "Сессия 376",
            "number": 376,
            "is_active": false,
            "start_date": "2025-06-19T11:31:36.518000+00:00",
            "end_date": "2025-06-19T11:32:06.930000+00:00",
            "count_packages": 1,
            "count_pallets": 1,
            "is_send_aggregation": true,
            "product_group": "water"
          },
          {
            "id_agg_session": "6853dbd7020cfa407271a60f",
            "line_number": 995040,
            "name": "Сессия 375",
            "number": 375,
            "is_active": false,
            "start_date": "2025-06-19T09:43:51.690000+00:00",
            "end_date": "2025-06-19T09:44:43.839000+00:00",
            "count_packages": 1,
            "count_pallets": 1,
            "is_send_aggregation": true,
            "product_group": "water"
          }
        ],
        "meta": {
          "total_count": 366
        }
      }

========================================================================
TEST: tests/integration/test_aggregation_session.py::TestAggregationSessionFilter::test_filter_sessions_pagination
========================================================================

  ► POST  https://spp-dev.smartpack.world/api/web/v1/aggregation_session/pallets/filter
    REQUEST BODY:
      {
        "limit": 5,
        "offset": 0
      }
    RESPONSE STATUS: 200
    RESPONSE BODY:
      {
        "data": [
          {
            "id_agg_session": "698c736dc0a08305e347b9cd",
            "line_number": 995077,
            "name": "Сессия 394",
            "number": 394,
            "is_active": false,
            "start_date": "2026-02-11T12:17:49.213000+00:00",
            "end_date": "2026-02-11T12:18:23.057000+00:00",
            "count_packages": 2,
            "count_pallets": 1,
            "is_send_aggregation": true,
            "product_group": "milk"
          },
          {
            "id_agg_session": "6977504cf62bdbb988b4c95b",
            "line_number": 995077,
            "name": "Сессия 393",
            "number": 393,
            "is_active": false,
            "start_date": "2026-01-26T11:30:20.566000+00:00",
            "end_date": "2026-01-26T11:31:49.648000+00:00",
            "count_packages": 3,
            "count_pallets": 1,
            "is_send_aggregation": true,
            "product_group": "milk"
          },
          {
            "id_agg_session": "69723f5dba73024e9431b3f0",
            "line_number": 994952,
            "name": "Сессия 392",
            "number": 392,
            "is_active": false,
            "start_date": "2026-01-22T15:16:45.240000+00:00",
            "end_date": "2026-01-22T15:17:29.362000+00:00",
            "count_packages": 1,
            "count_pallets": 1,
            "is_send_aggregation": true,
            "product_group": "water"
          },
          {
            "id_agg_session": "696a37434c785a0acf4ace36",
            "line_number": 9015,
            "name": "Сессия 391",
            "number": 391,
            "is_active": false,
            "start_date": "2026-01-16T13:04:03.185000+00:00",
            "end_date": "2026-01-16T13:04:45.261000+00:00",
            "count_packages": 2,
            "count_pallets": 1,
            "is_send_aggregation": true,
            "product_group": "milk"
          },
          {
            "id_agg_session": "6968e2945c582e4fe85e4fcb",
            "line_number": 9015,
            "name": "Сессия 390",
            "number": 390,
            "is_active": false,
            "start_date": "2026-01-15T12:50:28.573000+00:00",
            "end_date": "2026-01-15T12:51:26.789000+00:00",
            "count_packages": 2,
            "count_pallets": 1,
            "is_send_aggregation": true,
            "product_group": "milk"
          }
        ],
        "meta": {
          "total_count": 366
        }
      }

  ► POST  https://spp-dev.smartpack.world/api/web/v1/aggregation_session/pallets/filter
    REQUEST BODY:
      {
        "limit": 5,
        "offset": 5
      }
    RESPONSE STATUS: 200
    RESPONSE BODY:
      {
        "data": [
          {
            "id_agg_session": "698c736dc0a08305e347b9cd",
            "line_number": 995077,
            "name": "Сессия 394",
            "number": 394,
            "is_active": false,
            "start_date": "2026-02-11T12:17:49.213000+00:00",
            "end_date": "2026-02-11T12:18:23.057000+00:00",
            "count_packages": 2,
            "count_pallets": 1,
            "is_send_aggregation": true,
            "product_group": "milk"
          },
          {
            "id_agg_session": "6977504cf62bdbb988b4c95b",
            "line_number": 995077,
            "name": "Сессия 393",
            "number": 393,
            "is_active": false,
            "start_date": "2026-01-26T11:30:20.566000+00:00",
            "end_date": "2026-01-26T11:31:49.648000+00:00",
            "count_packages": 3,
            "count_pallets": 1,
            "is_send_aggregation": true,
            "product_group": "milk"
          },
          {
            "id_agg_session": "69723f5dba73024e9431b3f0",
            "line_number": 994952,
            "name": "Сессия 392",
            "number": 392,
            "is_active": false,
            "start_date": "2026-01-22T15:16:45.240000+00:00",
            "end_date": "2026-01-22T15:17:29.362000+00:00",
            "count_packages": 1,
            "count_pallets": 1,
            "is_send_aggregation": true,
            "product_group": "water"
          },
          {
            "id_agg_session": "696a37434c785a0acf4ace36",
            "line_number": 9015,
            "name": "Сессия 391",
            "number": 391,
            "is_active": false,
            "start_date": "2026-01-16T13:04:03.185000+00:00",
            "end_date": "2026-01-16T13:04:45.261000+00:00",
            "count_packages": 2,
            "count_pallets": 1,
            "is_send_aggregation": true,
            "product_group": "milk"
          },
          {
            "id_agg_session": "6968e2945c582e4fe85e4fcb",
            "line_number": 9015,
            "name": "Сессия 390",
            "number": 390,
            "is_active": false,
            "start_date": "2026-01-15T12:50:28.573000+00:00",
            "end_date": "2026-01-15T12:51:26.789000+00:00",
            "count_packages": 2,
            "count_pallets": 1,
            "is_send_aggregation": true,
            "product_group": "milk"
          }
        ],
        "meta": {
          "total_count": 366
        }
      }

========================================================================
TEST: tests/integration/test_aggregation_session.py::TestAggregationSessionFilter::test_filter_sessions_with_limit
========================================================================

  ► POST  https://spp-dev.smartpack.world/api/web/v1/aggregation_session/pallets/filter
    REQUEST BODY:
      {
        "limit": 3,
        "offset": 0
      }
    RESPONSE STATUS: 200
    RESPONSE BODY:
      {
        "data": [
          {
            "id_agg_session": "698c736dc0a08305e347b9cd",
            "line_number": 995077,
            "name": "Сессия 394",
            "number": 394,
            "is_active": false,
            "start_date": "2026-02-11T12:17:49.213000+00:00",
            "end_date": "2026-02-11T12:18:23.057000+00:00",
            "count_packages": 2,
            "count_pallets": 1,
            "is_send_aggregation": true,
            "product_group": "milk"
          },
          {
            "id_agg_session": "6977504cf62bdbb988b4c95b",
            "line_number": 995077,
            "name": "Сессия 393",
            "number": 393,
            "is_active": false,
            "start_date": "2026-01-26T11:30:20.566000+00:00",
            "end_date": "2026-01-26T11:31:49.648000+00:00",
            "count_packages": 3,
            "count_pallets": 1,
            "is_send_aggregation": true,
            "product_group": "milk"
          },
          {
            "id_agg_session": "69723f5dba73024e9431b3f0",
            "line_number": 994952,
            "name": "Сессия 392",
            "number": 392,
            "is_active": false,
            "start_date": "2026-01-22T15:16:45.240000+00:00",
            "end_date": "2026-01-22T15:17:29.362000+00:00",
            "count_packages": 1,
            "count_pallets": 1,
            "is_send_aggregation": true,
            "product_group": "water"
          }
        ],
        "meta": {
          "total_count": 366
        }
      }

========================================================================
TEST: tests/integration/test_aggregation_session.py::TestAggregationSessionDetail::test_get_session_detail_real
========================================================================

  ► POST  https://spp-dev.smartpack.world/api/web/v1/aggregation_session/hierarchy/detail
    REQUEST BODY:
      {
        "id_agg_session": "698c736dc0a08305e347b9cd"
      }
    RESPONSE STATUS: 400
    RESPONSE BODY:
      {
        "errors": [
          {
            "order": 702,
            "description": "Агрегационная сессия не найдена"
          }
        ]
      }

========================================================================
TEST: tests/integration/test_aggregation_session.py::TestAggregationSessionDetail::test_get_session_detail_nonexistent
========================================================================

  ► POST  https://spp-dev.smartpack.world/api/web/v1/aggregation_session/hierarchy/detail
    REQUEST BODY:
      {
        "id_agg_session": "000000000000000000000000"
      }
    RESPONSE STATUS: 400
    RESPONSE BODY:
      {
        "errors": [
          {
            "order": 702,
            "description": "Агрегационная сессия не найдена"
          }
        ]
      }

========================================================================
TEST: tests/integration/test_aggregation_session.py::TestAggregationSessionDetail::test_get_session_stats
========================================================================

  ► POST  https://spp-dev.smartpack.world/api/web/v1/aggregation_session/dashboard/get_stats
    REQUEST BODY:
      {
        "id_agg_session": "698c736dc0a08305e347b9cd",
        "start_date": "2026-01-19T13:36:29.545294Z",
        "end_date": "2026-02-18T13:36:29.545294Z"
      }
    RESPONSE STATUS: 200
    RESPONSE BODY:
      {
        "data": {
          "agg_session_count": 60,
          "code_count": 150167,
          "package_count": 221,
          "pallet_count": 21
        }
      }

========================================================================
TEST: tests/integration/test_aggregation_session.py::TestAggregationSessionDetail::test_get_global_stats
========================================================================

  ► POST  https://spp-dev.smartpack.world/api/web/v1/aggregation_session/dashboard/get_stats
    REQUEST BODY:
      {
        "start_date": "2026-02-11T13:36:29.653514Z",
        "end_date": "2026-02-18T13:36:29.653514Z"
      }
    RESPONSE STATUS: 200
    RESPONSE BODY:
      {
        "data": {
          "agg_session_count": 2,
          "code_count": 10,
          "package_count": 5,
          "pallet_count": 2
        }
      }

========================================================================
TEST: tests/integration/test_aggregation_session.py::TestAggregationSessionLifecycle::test_start_pallets_session
========================================================================

  ► POST  https://spp-dev.smartpack.world/api/web/v1/aggregation_session/pallets/start
    REQUEST BODY:
      {
        "line_number": 994849,
        "read_type": 1,
        "print_type": 1
      }
    RESPONSE STATUS: 400
    RESPONSE BODY:
      {
        "errors": [
          {
            "order": 404,
            "description": "Не совпадает тип линии"
          }
        ]
      }

========================================================================
TEST: tests/integration/test_aggregation_session.py::TestAggregationSessionLifecycle::test_add_code_to_pallets_session
========================================================================

  ► POST  https://spp-dev.smartpack.world/api/web/v1/aggregation_session/vision/scanner/add_code
    REQUEST BODY:
      {
        "line_number": 994849,
        "code": "010460049400904421dGVzdGNvZGU="
      }
    RESPONSE STATUS: 400
    RESPONSE BODY:
      {
        "errors": [
          {
            "order": 701,
            "description": "Агрегационная сессия не активна"
          }
        ]
      }

========================================================================
TEST: tests/integration/test_aggregation_session.py::TestAggregationSessionLifecycle::test_add_package_to_pallets_session
========================================================================

  ► POST  https://spp-dev.smartpack.world/api/web/v1/aggregation_session/pallets/add_package
    REQUEST BODY:
      {
        "line_number": 994849,
        "package_code": "000000000000000000"
      }
    RESPONSE STATUS: 422
    RESPONSE BODY:
      {
        "errors": [
          {
            "loc": [
              "body",
              "package_code"
            ],
            "msg": "Неверный формат кода упаковки",
            "type": "value_error"
          },
          {
            "loc": [
              "body",
              "package_code"
            ],
            "msg": "Неверный формат кода упаковки",
            "type": "value_error"
          },
          {
            "loc": [
              "body",
              "package_code"
            ],
            "msg": "Неверный формат кода упаковки",
            "type": "value_error"
          }
        ]
      }

========================================================================
TEST: tests/integration/test_aggregation_session.py::TestAggregationSessionLifecycle::test_add_pallet_to_pallets_session
========================================================================

  ► POST  https://spp-dev.smartpack.world/api/web/v1/aggregation_session/pallets/add_pallet
    REQUEST BODY:
      {
        "line_number": 994849,
        "package_code": "000000000000000000",
        "pallet_code": "000000000000000001"
      }
    RESPONSE STATUS: 422
    RESPONSE BODY:
      {
        "errors": [
          {
            "loc": [
              "body",
              "package_code"
            ],
            "msg": "Неверный формат кода упаковки",
            "type": "value_error"
          },
          {
            "loc": [
              "body",
              "package_code"
            ],
            "msg": "Неверный формат кода упаковки",
            "type": "value_error"
          },
          {
            "loc": [
              "body",
              "package_code"
            ],
            "msg": "Неверный формат кода упаковки",
            "type": "value_error"
          },
          {
            "loc": [
              "body",
              "pallet_code"
            ],
            "msg": "Неверный формат кода палеты",
            "type": "value_error"
          }
        ]
      }

========================================================================
TEST: tests/integration/test_aggregation_session.py::TestAggregationSessionLifecycle::test_finish_pallets_session
========================================================================

  ► POST  https://spp-dev.smartpack.world/api/web/v1/aggregation_session/pallets/finish
    REQUEST BODY:
      {
        "line_number": 994849
      }
    RESPONSE STATUS: 400
    RESPONSE BODY:
      {
        "errors": [
          {
            "order": 701,
            "description": "Агрегационная сессия не активна"
          }
        ]
      }

========================================================================
TEST: tests/integration/test_aggregation_session.py::TestAggregationSessionLifecycle::test_create_dashboard_session
========================================================================

  ► POST  https://spp-dev.smartpack.world/api/web/v1/aggregation_session/dashboard/create
    REQUEST BODY:
      {
        "name": "Test Session 173629"
      }
    RESPONSE STATUS: 200
    RESPONSE BODY:
      {
        "data": "6995c05ee8218de0f52ebb7d"
      }

========================================================================
TEST: tests/integration/test_aggregation_session.py::TestAggregationSessionCorrections::test_withdrawal_code_nonexistent
========================================================================

  ► POST  https://spp-dev.smartpack.world/api/web/v1/aggregation_session/withdrawal_code
    REQUEST BODY:
      {
        "code": "010460049400904421testcode93Ab==",
        "package_code": "000000000000000000"
      }
    RESPONSE STATUS: 422
    RESPONSE BODY:
      {
        "errors": [
          {
            "loc": [
              "body",
              "package_code"
            ],
            "msg": "Неверный формат кода упаковки",
            "type": "value_error"
          },
          {
            "loc": [
              "body",
              "package_code"
            ],
            "msg": "Неверный формат кода упаковки",
            "type": "value_error"
          },
          {
            "loc": [
              "body",
              "package_code"
            ],
            "msg": "Неверный формат кода упаковки",
            "type": "value_error"
          },
          {
            "loc": [
              "body",
              "package_code"
            ],
            "msg": "Неверный формат кода упаковки",
            "type": "value_error"
          }
        ]
      }

========================================================================
TEST: tests/integration/test_aggregation_session.py::TestAggregationSessionCorrections::test_disbandment_package_nonexistent
========================================================================

  ► POST  https://spp-dev.smartpack.world/api/web/v1/aggregation_session/disbandment_package
    REQUEST BODY:
      {
        "package_code": "000000000000000000"
      }
    RESPONSE STATUS: 422
    RESPONSE BODY:
      {
        "errors": [
          {
            "loc": [
              "body",
              "package_code"
            ],
            "msg": "Неверный формат кода упаковки",
            "type": "value_error"
          },
          {
            "loc": [
              "body",
              "package_code"
            ],
            "msg": "Неверный формат кода упаковки",
            "type": "value_error"
          },
          {
            "loc": [
              "body",
              "package_code"
            ],
            "msg": "Неверный формат кода упаковки",
            "type": "value_error"
          },
          {
            "loc": [
              "body",
              "package_code"
            ],
            "msg": "Неверный формат кода упаковки",
            "type": "value_error"
          }
        ]
      }

========================================================================
TEST: tests/integration/test_devices_and_printers.py::TestDeviceManagement::test_filter_devices_default
========================================================================

  ► POST  https://spp-dev.smartpack.world/api/web/v1/devices/filter
    REQUEST BODY:
      {
        "limit": 20,
        "offset": 0
      }
    RESPONSE STATUS: 200
    RESPONSE BODY:
      {
        "data": [
          {
            "device_id": "690b23602747c6419e42fa4c",
            "mob_device_id": "f6fb433373ba8d29",
            "name": null,
            "is_active": true,
            "type": 1,
            "registration_date": "2025-11-05T10:13:52.497000+00:00",
            "last_active_date": "2025-11-05T10:13:52.523000+00:00"
          },
          {
            "device_id": "699585dee8218de0f52ebb48",
            "mob_device_id": "test-device-0f694a83",
            "name": null,
            "is_active": true,
            "type": 1,
            "registration_date": "2026-02-18T09:26:54.352000+00:00",
            "last_active_date": "2026-02-18T09:26:54.352000+00:00"
          },
          {
            "device_id": "699586b3e8218de0f52ebb4d",
            "mob_device_id": "test-device-8e241b6f",
            "name": null,
            "is_active": true,
            "type": 1,
            "registration_date": "2026-02-18T09:30:27.048000+00:00",
            "last_active_date": "2026-02-18T09:30:27.048000+00:00"
          },
          {
            "device_id": "699586dae8218de0f52ebb52",
            "mob_device_id": "test-device-94181ac9",
            "name": null,
            "is_active": true,
            "type": 1,
            "registration_date": "2026-02-18T09:31:06.864000+00:00",
            "last_active_date": "2026-02-18T09:31:06.864000+00:00"
          },
          {
            "device_id": "699588cae8218de0f52ebb57",
            "mob_device_id": "test-device-a7e0abe9",
            "name": null,
            "is_active": true,
            "type": 1,
            "registration_date": "2026-02-18T09:39:22.926000+00:00",
            "last_active_date": "2026-02-18T09:39:22.926000+00:00"
          },
          {
            "device_id": "69959175e8218de0f52ebb5d",
            "mob_device_id": "test-device-d9b9b7d9",
            "name": null,
            "is_active": true,
            "type": 1,
            "registration_date": "2026-02-18T10:16:21.120000+00:00",
            "last_active_date": "2026-02-18T10:16:21.120000+00:00"
          },
          {
            "device_id": "69959186e8218de0f52ebb62",
            "mob_device_id": "test-device-28b241e1",
            "name": null,
            "is_active": true,
            "type": 1,
            "registration_date": "2026-02-18T10:16:38.965000+00:00",
            "last_active_date": "2026-02-18T10:16:38.965000+00:00"
          },
          {
            "device_id": "699595bee8218de0f52ebb67",
            "mob_device_id": "test-device-cb1a334c",
            "name": null,
            "is_active": true,
            "type": 1,
            "registration_date": "2026-02-18T10:34:38.989000+00:00",
            "last_active_date": "2026-02-18T10:34:38.989000+00:00"
          },
          {
            "device_id": "699595c8e8218de0f52ebb6c",
            "mob_device_id": "test-device-7c9d8004",
            "name": null,
            "is_active": true,
            "type": 1,
            "registration_date": "2026-02-18T10:34:48.218000+00:00",
            "last_active_date": "2026-02-18T10:34:48.218000+00:00"
          },
          {
            "device_id": "69959ec9e8218de0f52ebb72",
            "mob_device_id": "test-0706ddf3e0fb",
            "name": null,
            "is_active": true,
            "type": 1,
            "registration_date": "2026-02-18T11:13:13.795000+00:00",
            "last_active_date": "2026-02-18T11:13:13.795000+00:00"
          },
          {
            "device_id": "69959f4de8218de0f52ebb76",
            "mob_device_id": "test-eb4ddd6e1f03",
            "name": null,
            "is_active": true,
            "type": 1,
            "registration_date": "2026-02-18T11:15:25.954000+00:00",
            "last_active_date": "2026-02-18T11:15:25.954000+00:00"
          },
          {
            "device_id": "69959f73e8218de0f52ebb7a",
            "mob_device_id": "test-6d2b3298913a",
            "name": null,
            "is_active": true,
            "type": 1,
            "registration_date": "2026-02-18T11:16:03.466000+00:00",
            "last_active_date": "2026-02-18T11:16:03.466000+00:00"
          }
        ],
        "meta": {
          "total_count": 12
        }
      }

========================================================================
TEST: tests/integration/test_devices_and_printers.py::TestDeviceManagement::test_filter_devices_pagination
========================================================================

  ► POST  https://spp-dev.smartpack.world/api/web/v1/devices/filter
    REQUEST BODY:
      {
        "limit": 5,
        "offset": 0
      }
    RESPONSE STATUS: 200
    RESPONSE BODY:
      {
        "data": [
          {
            "device_id": "690b23602747c6419e42fa4c",
            "mob_device_id": "f6fb433373ba8d29",
            "name": null,
            "is_active": true,
            "type": 1,
            "registration_date": "2025-11-05T10:13:52.497000+00:00",
            "last_active_date": "2025-11-05T10:13:52.523000+00:00"
          },
          {
            "device_id": "699585dee8218de0f52ebb48",
            "mob_device_id": "test-device-0f694a83",
            "name": null,
            "is_active": true,
            "type": 1,
            "registration_date": "2026-02-18T09:26:54.352000+00:00",
            "last_active_date": "2026-02-18T09:26:54.352000+00:00"
          },
          {
            "device_id": "699586b3e8218de0f52ebb4d",
            "mob_device_id": "test-device-8e241b6f",
            "name": null,
            "is_active": true,
            "type": 1,
            "registration_date": "2026-02-18T09:30:27.048000+00:00",
            "last_active_date": "2026-02-18T09:30:27.048000+00:00"
          },
          {
            "device_id": "699586dae8218de0f52ebb52",
            "mob_device_id": "test-device-94181ac9",
            "name": null,
            "is_active": true,
            "type": 1,
            "registration_date": "2026-02-18T09:31:06.864000+00:00",
            "last_active_date": "2026-02-18T09:31:06.864000+00:00"
          },
          {
            "device_id": "699588cae8218de0f52ebb57",
            "mob_device_id": "test-device-a7e0abe9",
            "name": null,
            "is_active": true,
            "type": 1,
            "registration_date": "2026-02-18T09:39:22.926000+00:00",
            "last_active_date": "2026-02-18T09:39:22.926000+00:00"
          }
        ],
        "meta": {
          "total_count": 12
        }
      }

  ► POST  https://spp-dev.smartpack.world/api/web/v1/devices/filter
    REQUEST BODY:
      {
        "limit": 5,
        "offset": 5
      }
    RESPONSE STATUS: 200
    RESPONSE BODY:
      {
        "data": [
          {
            "device_id": "690b23602747c6419e42fa4c",
            "mob_device_id": "f6fb433373ba8d29",
            "name": null,
            "is_active": true,
            "type": 1,
            "registration_date": "2025-11-05T10:13:52.497000+00:00",
            "last_active_date": "2025-11-05T10:13:52.523000+00:00"
          },
          {
            "device_id": "699585dee8218de0f52ebb48",
            "mob_device_id": "test-device-0f694a83",
            "name": null,
            "is_active": true,
            "type": 1,
            "registration_date": "2026-02-18T09:26:54.352000+00:00",
            "last_active_date": "2026-02-18T09:26:54.352000+00:00"
          },
          {
            "device_id": "699586b3e8218de0f52ebb4d",
            "mob_device_id": "test-device-8e241b6f",
            "name": null,
            "is_active": true,
            "type": 1,
            "registration_date": "2026-02-18T09:30:27.048000+00:00",
            "last_active_date": "2026-02-18T09:30:27.048000+00:00"
          },
          {
            "device_id": "699586dae8218de0f52ebb52",
            "mob_device_id": "test-device-94181ac9",
            "name": null,
            "is_active": true,
            "type": 1,
            "registration_date": "2026-02-18T09:31:06.864000+00:00",
            "last_active_date": "2026-02-18T09:31:06.864000+00:00"
          },
          {
            "device_id": "699588cae8218de0f52ebb57",
            "mob_device_id": "test-device-a7e0abe9",
            "name": null,
            "is_active": true,
            "type": 1,
            "registration_date": "2026-02-18T09:39:22.926000+00:00",
            "last_active_date": "2026-02-18T09:39:22.926000+00:00"
          }
        ],
        "meta": {
          "total_count": 12
        }
      }

========================================================================
TEST: tests/integration/test_devices_and_printers.py::TestDeviceManagement::test_real_device_in_list
========================================================================

  ► POST  https://spp-dev.smartpack.world/api/web/v1/devices/filter
    REQUEST BODY:
      {
        "limit": 50,
        "offset": 0
      }
    RESPONSE STATUS: 200
    RESPONSE BODY:
      {
        "data": [
          {
            "device_id": "690b23602747c6419e42fa4c",
            "mob_device_id": "f6fb433373ba8d29",
            "name": null,
            "is_active": true,
            "type": 1,
            "registration_date": "2025-11-05T10:13:52.497000+00:00",
            "last_active_date": "2025-11-05T10:13:52.523000+00:00"
          },
          {
            "device_id": "699585dee8218de0f52ebb48",
            "mob_device_id": "test-device-0f694a83",
            "name": null,
            "is_active": true,
            "type": 1,
            "registration_date": "2026-02-18T09:26:54.352000+00:00",
            "last_active_date": "2026-02-18T09:26:54.352000+00:00"
          },
          {
            "device_id": "699586b3e8218de0f52ebb4d",
            "mob_device_id": "test-device-8e241b6f",
            "name": null,
            "is_active": true,
            "type": 1,
            "registration_date": "2026-02-18T09:30:27.048000+00:00",
            "last_active_date": "2026-02-18T09:30:27.048000+00:00"
          },
          {
            "device_id": "699586dae8218de0f52ebb52",
            "mob_device_id": "test-device-94181ac9",
            "name": null,
            "is_active": true,
            "type": 1,
            "registration_date": "2026-02-18T09:31:06.864000+00:00",
            "last_active_date": "2026-02-18T09:31:06.864000+00:00"
          },
          {
            "device_id": "699588cae8218de0f52ebb57",
            "mob_device_id": "test-device-a7e0abe9",
            "name": null,
            "is_active": true,
            "type": 1,
            "registration_date": "2026-02-18T09:39:22.926000+00:00",
            "last_active_date": "2026-02-18T09:39:22.926000+00:00"
          },
          {
            "device_id": "69959175e8218de0f52ebb5d",
            "mob_device_id": "test-device-d9b9b7d9",
            "name": null,
            "is_active": true,
            "type": 1,
            "registration_date": "2026-02-18T10:16:21.120000+00:00",
            "last_active_date": "2026-02-18T10:16:21.120000+00:00"
          },
          {
            "device_id": "69959186e8218de0f52ebb62",
            "mob_device_id": "test-device-28b241e1",
            "name": null,
            "is_active": true,
            "type": 1,
            "registration_date": "2026-02-18T10:16:38.965000+00:00",
            "last_active_date": "2026-02-18T10:16:38.965000+00:00"
          },
          {
            "device_id": "699595bee8218de0f52ebb67",
            "mob_device_id": "test-device-cb1a334c",
            "name": null,
            "is_active": true,
            "type": 1,
            "registration_date": "2026-02-18T10:34:38.989000+00:00",
            "last_active_date": "2026-02-18T10:34:38.989000+00:00"
          },
          {
            "device_id": "699595c8e8218de0f52ebb6c",
            "mob_device_id": "test-device-7c9d8004",
            "name": null,
            "is_active": true,
            "type": 1,
            "registration_date": "2026-02-18T10:34:48.218000+00:00",
            "last_active_date": "2026-02-18T10:34:48.218000+00:00"
          },
          {
            "device_id": "69959ec9e8218de0f52ebb72",
            "mob_device_id": "test-0706ddf3e0fb",
            "name": null,
            "is_active": true,
            "type": 1,
            "registration_date": "2026-02-18T11:13:13.795000+00:00",
            "last_active_date": "2026-02-18T11:13:13.795000+00:00"
          },
          {
            "device_id": "69959f4de8218de0f52ebb76",
            "mob_device_id": "test-eb4ddd6e1f03",
            "name": null,
            "is_active": true,
            "type": 1,
            "registration_date": "2026-02-18T11:15:25.954000+00:00",
            "last_active_date": "2026-02-18T11:15:25.954000+00:00"
          },
          {
            "device_id": "69959f73e8218de0f52ebb7a",
            "mob_device_id": "test-6d2b3298913a",
            "name": null,
            "is_active": true,
            "type": 1,
            "registration_date": "2026-02-18T11:16:03.466000+00:00",
            "last_active_date": "2026-02-18T11:16:03.466000+00:00"
          }
        ],
        "meta": {
          "total_count": 12
        }
      }

========================================================================
TEST: tests/integration/test_devices_and_printers.py::TestDeviceManagement::test_add_new_device
========================================================================

  ► POST  https://spp-dev.smartpack.world/api/web/v1/devices/add
    REQUEST BODY:
      {
        "mob_device_id": "test-3542cbd55289",
        "type": 1
      }
    RESPONSE STATUS: 200
    RESPONSE BODY:
      {
        "data": true
      }

========================================================================
TEST: tests/integration/test_devices_and_printers.py::TestDeviceManagement::test_block_nonexistent_device
========================================================================

  ► POST  https://spp-dev.smartpack.world/api/web/v1/devices/block
    REQUEST BODY:
      {
        "device_id": "nonexistent-device-id-test"
      }
    RESPONSE STATUS: 422
    RESPONSE BODY:
      {
        "errors": [
          {
            "loc": [
              "body",
              "device_id"
            ],
            "msg": "Невалидный формат ObjectId",
            "type": "value_error"
          }
        ]
      }

========================================================================
TEST: tests/integration/test_devices_and_printers.py::TestDeviceManagement::test_delete_nonexistent_device
========================================================================

  ► POST  https://spp-dev.smartpack.world/api/web/v1/devices/delete
    REQUEST BODY:
      {
        "device_id": "nonexistent-device-id-test"
      }
    RESPONSE STATUS: 422
    RESPONSE BODY:
      {
        "errors": [
          {
            "loc": [
              "body",
              "device_id"
            ],
            "msg": "Невалидный формат ObjectId",
            "type": "value_error"
          }
        ]
      }

========================================================================
TEST: tests/integration/test_devices_and_printers.py::TestPrinterManagement::test_filter_printers_default
========================================================================

  ► POST  https://spp-dev.smartpack.world/api/web/v1/printer/layout/filter
    REQUEST BODY:
      {
        "limit": 20,
        "offset": 0
      }
    RESPONSE STATUS: 200
    RESPONSE BODY:
      {
        "data": [
          {
            "layout_id": "67d19b5e62db1f37be81f6cc",
            "name": "КИГУ",
            "print_type": 1,
            "is_favorite": true
          },
          {
            "layout_id": "669e582f2d6bc270aa13e893",
            "name": "57x59 - НА УПАКОВКУ с DM, с датой производства, сроком годности, названием товара",
            "print_type": 1,
            "is_favorite": true
          },
          {
            "layout_id": "67da6096e6b8056c0926a5c9",
            "name": "КИГУ {kigu_code} + {kigu_view}",
            "print_type": 1,
            "is_favorite": true
          },
          {
            "layout_id": "6156fc871c0e039def1421bb",
            "name": "90х50, без лого, без DM",
            "print_type": 2,
            "is_favorite": false
          },
          {
            "layout_id": "694c0b273cec504ca37f4e7a",
            "name": "Супервейв палета КИТУ 100*80: gtin, название товара, кол-во",
            "print_type": 1,
            "is_favorite": false
          },
          {
            "layout_id": "6854face987b70391b67a930",
            "name": "КИГУ 59x59 - упаковка 0.25 негаз",
            "print_type": 1,
            "is_favorite": false
          },
          {
            "layout_id": "6156fc871c0e039def1421bc",
            "name": "90х50, лого сверху, без DM",
            "print_type": 2,
            "is_favorite": false
          },
          {
            "layout_id": "67e3ff3cd53156166013eabf",
            "name": "58x40 -  с датой производства,  названием товара",
            "print_type": 1,
            "is_favorite": false
          },
          {
            "layout_id": "6854fae4987b70391b67a932",
            "name": "КИГУ 59x59 - упаковка 0.5 негаз",
            "print_type": 1,
            "is_favorite": false
          },
          {
            "layout_id": "6854faf1987b70391b67a933",
            "name": "КИГУ 59x59 - упаковка 0.5 газ",
            "print_type": 1,
            "is_favorite": false
          },
          {
            "layout_id": "67e664e819e5224d66a358e6",
            "name": "58x40 -  палета с датой производства,  названием товара, кол-вом единиц",
            "print_type": 1,
            "is_favorite": false
          },
          {
            "layout_id": "6854fafb987b70391b67a934",
            "name": "КИГУ 59x59 - упаковка 0.75 негаз",
            "print_type": 1,
            "is_favorite": false
          },
          {
            "layout_id": "694969b18fd0c66e5249806f",
            "name": "копия 57x59 - НА УПАКОВКУ с DM, с датой производства, сроком годности, названием товара",
            "print_type": 1,
            "is_favorite": false
          },
          {
            "layout_id": "6854fac3987b70391b67a92f",
            "name": "Палета 59x59 с кол-вом вложений",
            "print_type": 1,
            "is_favorite": false
          },
          {
            "layout_id": "694c171d3cec504ca37f4e8c",
            "name": "Супервейв упаковка КИТУ 100*80: gtin, название товара, кол-во",
            "print_type": 1,
            "is_favorite": false
          },
          {
            "layout_id": "6854fad9987b70391b67a931",
            "name": "КИГУ 59x59 - упаковка 0.25 газ",
            "print_type": 1,
            "is_favorite": false
          },
          {
            "layout_id": "6854fb06987b70391b67a935",
            "name": "КИГУ 59x59 - упаковка 0.75 газ",
            "print_type": 1,
            "is_favorite": false
          },
          {
            "layout_id": "67d952b500072d2ec46a3f4c",
            "name": "тест кол-ва единиц в палете и названия компании",
            "print_type": 1,
            "is_favorite": false
          },
          {
            "layout_id": "680a5026673da169ee6475c0",
            "name": "КИГУ package_gtin",
            "print_type": 1,
            "is_favorite": false
          },
          {
            "layout_id": "690c6168cb1e7b55ca3b535e",
            "name": "100х80 упаковка",
            "print_type": 1,
            "is_favorite": false
          }
        ],
        "meta": {
          "total_count": 47
        }
      }

========================================================================
TEST: tests/integration/test_devices_and_printers.py::TestPrinterManagement::test_real_printer_in_list
========================================================================

  ► POST  https://spp-dev.smartpack.world/api/web/v1/printer/layout/filter
    REQUEST BODY:
      {
        "limit": 50,
        "offset": 0
      }
    RESPONSE STATUS: 200
    RESPONSE BODY:
      {
        "data": [
          {
            "layout_id": "669e582f2d6bc270aa13e893",
            "name": "57x59 - НА УПАКОВКУ с DM, с датой производства, сроком годности, названием товара",
            "print_type": 1,
            "is_favorite": true
          },
          {
            "layout_id": "67d19b5e62db1f37be81f6cc",
            "name": "КИГУ",
            "print_type": 1,
            "is_favorite": true
          },
          {
            "layout_id": "67da6096e6b8056c0926a5c9",
            "name": "КИГУ {kigu_code} + {kigu_view}",
            "print_type": 1,
            "is_favorite": true
          },
          {
            "layout_id": "67d952b500072d2ec46a3f4c",
            "name": "тест кол-ва единиц в палете и названия компании",
            "print_type": 1,
            "is_favorite": false
          },
          {
            "layout_id": "67e3ff3cd53156166013eabf",
            "name": "58x40 -  с датой производства,  названием товара",
            "print_type": 1,
            "is_favorite": false
          },
          {
            "layout_id": "67e664e819e5224d66a358e6",
            "name": "58x40 -  палета с датой производства,  названием товара, кол-вом единиц",
            "print_type": 1,
            "is_favorite": false
          },
          {
            "layout_id": "680a5026673da169ee6475c0",
            "name": "КИГУ package_gtin",
            "print_type": 1,
            "is_favorite": false
          },
          {
            "layout_id": "6854fac3987b70391b67a92f",
            "name": "Палета 59x59 с кол-вом вложений",
            "print_type": 1,
            "is_favorite": false
          },
          {
            "layout_id": "6854face987b70391b67a930",
            "name": "КИГУ 59x59 - упаковка 0.25 негаз",
            "print_type": 1,
            "is_favorite": false
          },
          {
            "layout_id": "6854fad9987b70391b67a931",
            "name": "КИГУ 59x59 - упаковка 0.25 газ",
            "print_type": 1,
            "is_favorite": false
          },
          {
            "layout_id": "6854fae4987b70391b67a932",
            "name": "КИГУ 59x59 - упаковка 0.5 негаз",
            "print_type": 1,
            "is_favorite": false
          },
          {
            "layout_id": "6854faf1987b70391b67a933",
            "name": "КИГУ 59x59 - упаковка 0.5 газ",
            "print_type": 1,
            "is_favorite": false
          },
          {
            "layout_id": "6854fafb987b70391b67a934",
            "name": "КИГУ 59x59 - упаковка 0.75 негаз",
            "print_type": 1,
            "is_favorite": false
          },
          {
            "layout_id": "6854fb06987b70391b67a935",
            "name": "КИГУ 59x59 - упаковка 0.75 газ",
            "print_type": 1,
            "is_favorite": false
          },
          {
            "layout_id": "690c6168cb1e7b55ca3b535e",
            "name": "100х80 упаковка",
            "print_type": 1,
            "is_favorite": false
          },
          {
            "layout_id": "694969b18fd0c66e5249806f",
            "name": "копия 57x59 - НА УПАКОВКУ с DM, с датой производства, сроком годности, названием товара",
            "print_type": 1,
            "is_favorite": false
          },
          {
            "layout_id": "694c0b273cec504ca37f4e7a",
            "name": "Супервейв палета КИТУ 100*80: gtin, название товара, кол-во",
            "print_type": 1,
            "is_favorite": false
          },
          {
            "layout_id": "694c171d3cec504ca37f4e8c",
            "name": "Супервейв упаковка КИТУ 100*80: gtin, название товара, кол-во",
            "print_type": 1,
            "is_favorite": false
          },
          {
            "layout_id": "6156fc871c0e039def1421bb",
            "name": "90х50, без лого, без DM",
            "print_type": 2,
            "is_favorite": false
          },
          {
            "layout_id": "6156fc871c0e039def1421bc",
            "name": "90х50, лого сверху, без DM",
            "print_type": 2,
            "is_favorite": false
          },
          {
            "layout_id": "6156fc871c0e039def1421bd",
            "name": "100х50, лого слева, без DM",
            "print_type": 2,
            "is_favorite": false
          },
          {
            "layout_id": "6156fc871c0e039def1421be",
            "name": "58х30, лого сверху, без DM",
            "print_type": 2,
            "is_favorite": false
          },
          {
            "layout_id": "6156fc871c0e039def1421bf",
            "name": "58х30, лого сверху, с DM",
            "print_type": 2,
            "is_favorite": false
          },
          {
            "layout_id": "6156fc871c0e039def1421af",
            "name": "90х50, лого сверху, с DM",
            "print_type": 2,
            "is_favorite": false
          },
          {
            "layout_id": "6156fc871c0e039def1421cf",
            "name": "60х58, лого сверху, с DM",
            "print_type": 2,
            "is_favorite": false
          },
          {
            "layout_id": "6156fc871c0e039def1421ca",
            "name": "90х50, лого справа, с DM, с информацией наверху",
            "print_type": 2,
            "is_favorite": false
          },
          {
            "layout_id": "6156fc871c0e039def1421ab",
            "name": "90х40, лого сверху, с DM",
            "print_type": 2,
            "is_favorite": false
          },
          {
            "layout_id": "6156fc871c0e039def1421ac",
            "name": "80х40, лого сверху, с DM",
            "print_type": 2,
            "is_favorite": false
          },
          {
            "layout_id": "6156fc871c0e039def1421ad",
            "name": "50x80, вертикально, с DM",
            "print_type": 2,
            "is_favorite": false
          },
          {
            "layout_id": "6156fc871c0e039def1421cc",
            "name": "40x30, без лого, с DM, с информацией наверху слева",
            "print_type": 2,
            "is_favorite": false
          },
          {
            "layout_id": "6156fc871c0e039def1421cb",
            "name": "30x40 (перевернутый), без лого, с DM, с информацией наверху слева",
            "print_type": 2,
            "is_favorite": false
          },
          {
            "layout_id": "6156fc871c0e039def1421cd",
            "name": "57x90 (перевернутый), с лого, с DM, с информацией в центре",
            "print_type": 2,
            "is_favorite": false
          },
          {
            "layout_id": "6156fc871c0e039def1421ce",
            "name": "90х50, лого сверху, с DM, с наименованием компании",
            "print_type": 2,
            "is_favorite": false
          },
          {
            "layout_id": "6156fc871c0e039def1421da",
            "name": "50х40, лого сверху, с DM, с наименованием компании",
            "print_type": 2,
            "is_favorite": false
          },
          {
            "layout_id": "6156fc871c0e039def1421db",
            "name": "58х40, лого сверху, с DM, с наименованием компании",
            "print_type": 2,
            "is_favorite": false
          },
          {
            "layout_id": "6156fc871c0e039def1421dc",
            "name": "40х30, лого сверху, с DM, с наименованием компании",
            "print_type": 2,
            "is_favorite": false
          },
          {
            "layout_id": "643507523112bdcb22c85a01",
            "name": "57x59 с DM, с датой производства, сроком годности, названием товара",
            "print_type": 1,
            "is_favorite": false
          },
          {
            "layout_id": "6156fc871c0e039def1421de",
            "name": "58х40, для печати КИГУ",
            "print_type": 2,
            "is_favorite": false
          },
          {
            "layout_id": "6156fc871c0e039def1421df",
            "name": "58х40, лого сверху, с DM, с наименованием компании, с датой формирования агрегата",
            "print_type": 2,
            "is_favorite": false
          },
          {
            "layout_id": "6156fc871c0e039def142201",
            "name": "58х44, c DM, GTIN, с названием товара",
            "print_type": 2,
            "is_favorite": false
          },
          {
            "layout_id": "6156fc871c0e039def142202",
            "name": "58х100 (перевернутый), c DM, GTIN, с названием товара",
            "print_type": 2,
            "is_favorite": false
          },
          {
            "layout_id": "6156fc871c0e039def142203",
            "name": "75х120 (перевернутый), c DM, GTIN, с названием товара",
            "print_type": 2,
            "is_favorite": false
          },
          {
            "layout_id": "6156fc871c0e039def142204",
            "name": "100х50, с DM, с наименованием компании",
            "print_type": 2,
            "is_favorite": false
          },
          {
            "layout_id": "6156fc871c0e039def142205",
            "name": "100х70, с DM, с наименованием компании",
            "print_type": 2,
            "is_favorite": false
          },
          {
            "layout_id": "6156fc871c0e039def142206",
            "name": "КИГУ 45x20 - упаковка 1.5x6, с gtin товара",
            "print_type": 1,
            "is_favorite": false
          },
          {
            "layout_id": "6156fc871c0e039def142207",
            "name": "58х40, c DM, GTIN, с названием товара",
            "print_type": 2,
            "is_favorite": false
          },
          {
            "layout_id": "6156fc871c0e039def142208",
            "name": "100х100, c датой производства, названием товара",
            "print_type": 2,
            "is_favorite": false
          }
        ],
        "meta": {
          "total_count": 47
        }
      }

========================================================================
TEST: tests/integration/test_devices_and_printers.py::TestPrinterManagement::test_toggle_printer_favorite
========================================================================

  ► POST  https://spp-dev.smartpack.world/api/web/v1/printer/layout/toggle_favorite
    REQUEST BODY:
      {
        "layout_id": "67d19b5e62db1f37be81f6cc",
        "is_favorite": true
      }
    RESPONSE STATUS: 200
    RESPONSE BODY:
      {
        "data": true
      }

  ► POST  https://spp-dev.smartpack.world/api/web/v1/printer/layout/toggle_favorite
    REQUEST BODY:
      {
        "layout_id": "67d19b5e62db1f37be81f6cc",
        "is_favorite": false
      }
    RESPONSE STATUS: 200
    RESPONSE BODY:
      {
        "data": true
      }

========================================================================
TEST: tests/integration/test_devices_and_printers.py::TestPrinterManagement::test_send_to_print_by_gtin_milk
========================================================================

  ► POST  https://spp-dev.smartpack.world/api/web/v1/printer/cups/send_to_print_by_gtin
    REQUEST BODY:
      {
        "gtin": "04600494009044",
        "type": 1,
        "count_codes": 1,
        "count_copies": 1,
        "printer_id": "67d19b5e62db1f37be81f6cc",
        "layout_id": "67d19b5e62db1f37be81f6cc"
      }
    RESPONSE STATUS: 400
    RESPONSE BODY:
      {
        "errors": [
          {
            "order": 906,
            "description": "Выбран шаблон с некорректный типом печати"
          }
        ]
      }

========================================================================
TEST: tests/integration/test_devices_and_printers.py::TestPrinterManagement::test_send_to_print_by_gtin_invalid_printer
========================================================================

  ► POST  https://spp-dev.smartpack.world/api/web/v1/printer/cups/send_to_print_by_gtin
    REQUEST BODY:
      {
        "gtin": "04600494009044",
        "type": 1,
        "count_codes": 1,
        "count_copies": 1,
        "printer_id": "000000000000000000000000",
        "layout_id": "000000000000000000000000"
      }
    RESPONSE STATUS: 400
    RESPONSE BODY:
      {
        "errors": [
          {
            "order": 902,
            "description": "Макет не найден"
          }
        ]
      }

========================================================================
TEST: tests/integration/test_devices_and_printers.py::TestPrinterManagement::test_add_printer
========================================================================

  ► POST  https://spp-dev.smartpack.world/api/web/v1/printer/add
    REQUEST BODY:
      {
        "name": "Test Printer 45f748",
        "printer_cups_name": "test_printer_45f748",
        "print_type": 1,
        "host": "192.168.99.99",
        "port": 9100
      }
    RESPONSE STATUS: 200
    RESPONSE BODY:
      {
        "data": true
      }

========================================================================
TEST: tests/integration/test_devices_and_printers.py::TestPrinterManagement::test_filter_printers_pagination
========================================================================

  ► POST  https://spp-dev.smartpack.world/api/web/v1/printer/layout/filter
    REQUEST BODY:
      {
        "limit": 3,
        "offset": 0
      }
    RESPONSE STATUS: 200
    RESPONSE BODY:
      {
        "data": [
          {
            "layout_id": "67da6096e6b8056c0926a5c9",
            "name": "КИГУ {kigu_code} + {kigu_view}",
            "print_type": 1,
            "is_favorite": true
          },
          {
            "layout_id": "669e582f2d6bc270aa13e893",
            "name": "57x59 - НА УПАКОВКУ с DM, с датой производства, сроком годности, названием товара",
            "print_type": 1,
            "is_favorite": true
          },
          {
            "layout_id": "67d19b5e62db1f37be81f6cc",
            "name": "КИГУ",
            "print_type": 1,
            "is_favorite": false
          }
        ],
        "meta": {
          "total_count": 47
        }
      }

  ► POST  https://spp-dev.smartpack.world/api/web/v1/printer/layout/filter
    REQUEST BODY:
      {
        "limit": 3,
        "offset": 3
      }
    RESPONSE STATUS: 200
    RESPONSE BODY:
      {
        "data": [
          {
            "layout_id": "67da6096e6b8056c0926a5c9",
            "name": "КИГУ {kigu_code} + {kigu_view}",
            "print_type": 1,
            "is_favorite": true
          },
          {
            "layout_id": "669e582f2d6bc270aa13e893",
            "name": "57x59 - НА УПАКОВКУ с DM, с датой производства, сроком годности, названием товара",
            "print_type": 1,
            "is_favorite": true
          },
          {
            "layout_id": "67d19b5e62db1f37be81f6cc",
            "name": "КИГУ",
            "print_type": 1,
            "is_favorite": false
          }
        ],
        "meta": {
          "total_count": 47
        }
      }

========================================================================
TEST: tests/integration/test_gtin_and_line.py::TestLineManagement::test_filter_lines_default
========================================================================

  ► POST  https://spp-dev.smartpack.world/api/web/v1/line/filter
    REQUEST BODY:
      {
        "limit": 20,
        "offset": 0
      }
    RESPONSE STATUS: 200
    RESPONSE BODY:
      {
        "data": [
          {
            "id": "61f7c1ae9c982b5c67fd16fc",
            "line_number": 0,
            "name": "string",
            "is_active": false,
            "product_group": "antiseptic",
            "production_type": 2,
            "camera_host": null,
            "line_type": 1,
            "action_read_type": null,
            "is_deleted": true,
            "is_auto_send_report": false,
            "count_in_report": 0,
            "report_to_send": [
              1
            ]
          },
          {
            "id": "60e431f7b62082049a6aa2db",
            "line_number": 1,
            "name": "UpdatedLine-77386815",
            "is_active": true,
            "product_group": "water",
            "production_type": 2,
            "camera_host": null,
            "line_type": 1,
            "action_read_type": null,
            "is_deleted": false,
            "is_auto_send_report": false,
            "count_in_report": null,
            "report_to_send": null
          },
          {
            "id": "60eda9473d9f8c1ceea2d2a9",
            "line_number": 2,
            "name": "antiseptic",
            "is_active": false,
            "product_group": "antiseptic",
            "production_type": 2,
            "camera_host": null,
            "line_type": 1,
            "action_read_type": null,
            "is_deleted": true,
            "is_auto_send_report": false,
            "count_in_report": null,
            "report_to_send": null
          },
          {
            "id": "610d0aa43d9f8c1ceea2e07d",
            "line_number": 3,
            "name": "water",
            "is_active": false,
            "product_group": "water",
            "production_type": 2,
            "camera_host": null,
            "line_type": 1,
            "action_read_type": null,
            "is_deleted": true,
            "is_auto_send_report": false,
            "count_in_report": null,
            "report_to_send": null
          },
          {
            "id": "612752c89841f9cc771c047d",
            "line_number": 4,
            "name": "milk223",
            "is_active": false,
            "product_group": "milk",
            "production_type": 2,
            "camera_host": "s",
            "line_type": 1,
            "action_read_type": null,
            "is_deleted": true,
            "is_auto_send_report": false,
            "count_in_report": 2,
            "report_to_send": [
              1
            ]
          },
          {
            "id": "612c86849c2a20539e649861",
            "line_number": 5,
            "name": "bio",
            "is_active": true,
            "product_group": "bio",
            "production_type": 2,
            "camera_host": null,
            "line_type": 1,
            "action_read_type": null,
            "is_deleted": false,
            "is_auto_send_report": false,
            "count_in_report": null,
            "report_to_send": null
          },
          {
            "id": "615571229c2a20539e64a841",
            "line_number": 6,
            "name": "Молоко 1.5 литра",
            "is_active": false,
            "product_group": "milk",
            "production_type": 1,
            "camera_host": "192.111.1.1",
            "line_type": 1,
            "action_read_type": null,
            "is_deleted": false,
            "is_auto_send_report": false,
            "count_in_report": 2,
            "report_to_send": [
              1
            ]
          },
          {
            "id": "61716c2c1da06c439e359711",
            "line_number": 7,
            "name": "Агрегация тест1",
            "is_active": true,
            "product_group": "water",
            "production_type": 1,
            "camera_host": null,
            "line_type": 2,
            "action_read_type": 2,
            "is_deleted": false,
            "is_auto_send_report": false,
            "count_in_report": 2,
            "report_to_send": []
          },
          {
            "id": "625cf44a7a2a2a7da565e553",
            "line_number": 14,
            "name": "string",
            "is_active": false,
            "product_group": "water",
            "production_type": 2,
            "camera_host": null,
            "line_type": 1,
            "action_read_type": null,
            "is_deleted": true,
            "is_auto_send_report": false,
            "count_in_report": null,
            "report_to_send": null
          },
          {
            "id": "61a77a9609af8acf970d21ff",
            "line_number": 19,
            "name": "11111111114444",
            "is_active": false,
            "product_group": "water",
            "production_type": 2,
            "camera_host": null,
            "line_type": 1,
            "action_read_type": null,
            "is_deleted": true,
            "is_auto_send_report": false,
            "count_in_report": 10,
            "report_to_send": [
              1
            ]
          },
          {
            "id": "61a8ab678433114ba88c4a6d",
            "line_number": 21,
            "name": "beer",
            "is_active": false,
            "product_group": "beer",
            "production_type": 2,
            "camera_host": null,
            "line_type": 1,
            "action_read_type": null,
            "is_deleted": true,
            "is_auto_send_report": false,
            "count_in_report": 2,
            "report_to_send": [
              1
            ]
          },
          {
            "id": "61af4ae18433114ba88c4cd2",
            "line_number": 23,
            "name": "1234567",
            "is_active": false,
            "product_group": "water",
            "production_type": 2,
            "camera_host": null,
            "line_type": 1,
            "action_read_type": null,
            "is_deleted": true,
            "is_auto_send_report": false,
            "count_in_report": null,
            "report_to_send": null
          },
          {
            "id": "61b9e87f195e0bc0d6ba0472",
            "line_number": 25,
            "name": "Вода 1 литр",
            "is_active": false,
            "product_group": "water",
            "production_type": 2,
            "camera_host": null,
            "line_type": 1,
            "action_read_type": null,
            "is_deleted": true,
            "is_auto_send_report": false,
            "count_in_report": null,
            "report_to_send": null
          },
          {
            "id": "61c04602195e0bc0d6bac9e0",
            "line_number": 26,
            "name": "Агрегационная линия 1",
            "is_active": false,
            "product_group": "antiseptic",
            "production_type": 2,
            "camera_host": null,
            "line_type": 2,
            "action_read_type": null,
            "is_deleted": true,
            "is_auto_send_report": false,
            "count_in_report": null,
            "report_to_send": null
          },
          {
            "id": "61e82dff536e6a22bd20544a",
            "line_number": 28,
            "name": "test_mob",
            "is_active": false,
            "product_group": "water",
            "production_type": 1,
            "camera_host": null,
            "line_type": 2,
            "action_read_type": null,
            "is_deleted": false,
            "is_auto_send_report": false,
            "count_in_report": null,
            "report_to_send": null
          },
          {
            "id": "61e8704a536e6a22bd205471",
            "line_number": 29,
            "name": "Агрегация вода",
            "is_active": true,
            "product_group": "water",
            "production_type": 1,
            "camera_host": null,
            "line_type": 2,
            "action_read_type": 2,
            "is_deleted": false,
            "is_auto_send_report": false,
            "count_in_report": null,
            "report_to_send": null
          },
          {
            "id": "61ea84035a5d1602a3b1860a",
            "line_number": 30,
            "name": "Линия для молочной продукции",
            "is_active": true,
            "product_group": "milk",
            "production_type": 1,
            "camera_host": null,
            "line_type": 2,
            "action_read_type": 2,
            "is_deleted": false,
            "is_auto_send_report": false,
            "count_in_report": null,
            "report_to_send": null
          },
          {
            "id": "61ee42e103f0a7cb31d6b23c",
            "line_number": 31,
            "name": "Test_package_code_debug",
            "is_active": false,
            "product_group": "water",
            "production_type": 2,
            "camera_host": null,
            "line_type": 2,
            "action_read_type": null,
            "is_deleted": true,
            "is_auto_send_report": false,
            "count_in_report": 2,
            "report_to_send": [
              1,
              3
            ]
          },
          {
            "id": "61ee44f203f0a7cb31d6b251",
            "line_number": 32,
            "name": "Test_adding_packages_to_pallet",
            "is_active": false,
            "product_group": "water",
            "production_type": 2,
            "camera_host": null,
            "line_type": 2,
            "action_read_type": null,
            "is_deleted": true,
            "is_auto_send_report": false,
            "count_in_report": null,
            "report_to_send": null
          },
          {
            "id": "61ee4c5dec92a8e48240ad2c",
            "line_number": 33,
            "name": "Test_close_session_not_full_package",
            "is_active": false,
            "product_group": "water",
            "production_type": 2,
            "camera_host": null,
            "line_type": 2,
            "action_read_type": null,
            "is_deleted": true,
            "is_auto_send_report": false,
            "count_in_report": null,
            "report_to_send": null
          }
        ],
        "meta": {
          "total_count": 1169
        }
      }

========================================================================
TEST: tests/integration/test_gtin_and_line.py::TestLineManagement::test_filter_lines_by_product_group_milk
========================================================================

  ► POST  https://spp-dev.smartpack.world/api/web/v1/line/filter
    REQUEST BODY:
      {
        "limit": 10,
        "offset": 0,
        "product_group": "milk"
      }
    RESPONSE STATUS: 200
    RESPONSE BODY:
      {
        "data": [
          {
            "id": "61f7c1ae9c982b5c67fd16fc",
            "line_number": 0,
            "name": "string",
            "is_active": false,
            "product_group": "antiseptic",
            "production_type": 2,
            "camera_host": null,
            "line_type": 1,
            "action_read_type": null,
            "is_deleted": true,
            "is_auto_send_report": false,
            "count_in_report": 0,
            "report_to_send": [
              1
            ]
          },
          {
            "id": "60e431f7b62082049a6aa2db",
            "line_number": 1,
            "name": "UpdatedLine-77386815",
            "is_active": true,
            "product_group": "water",
            "production_type": 2,
            "camera_host": null,
            "line_type": 1,
            "action_read_type": null,
            "is_deleted": false,
            "is_auto_send_report": false,
            "count_in_report": null,
            "report_to_send": null
          },
          {
            "id": "60eda9473d9f8c1ceea2d2a9",
            "line_number": 2,
            "name": "antiseptic",
            "is_active": false,
            "product_group": "antiseptic",
            "production_type": 2,
            "camera_host": null,
            "line_type": 1,
            "action_read_type": null,
            "is_deleted": true,
            "is_auto_send_report": false,
            "count_in_report": null,
            "report_to_send": null
          },
          {
            "id": "610d0aa43d9f8c1ceea2e07d",
            "line_number": 3,
            "name": "water",
            "is_active": false,
            "product_group": "water",
            "production_type": 2,
            "camera_host": null,
            "line_type": 1,
            "action_read_type": null,
            "is_deleted": true,
            "is_auto_send_report": false,
            "count_in_report": null,
            "report_to_send": null
          },
          {
            "id": "612752c89841f9cc771c047d",
            "line_number": 4,
            "name": "milk223",
            "is_active": false,
            "product_group": "milk",
            "production_type": 2,
            "camera_host": "s",
            "line_type": 1,
            "action_read_type": null,
            "is_deleted": true,
            "is_auto_send_report": false,
            "count_in_report": 2,
            "report_to_send": [
              1
            ]
          },
          {
            "id": "612c86849c2a20539e649861",
            "line_number": 5,
            "name": "bio",
            "is_active": true,
            "product_group": "bio",
            "production_type": 2,
            "camera_host": null,
            "line_type": 1,
            "action_read_type": null,
            "is_deleted": false,
            "is_auto_send_report": false,
            "count_in_report": null,
            "report_to_send": null
          },
          {
            "id": "615571229c2a20539e64a841",
            "line_number": 6,
            "name": "Молоко 1.5 литра",
            "is_active": false,
            "product_group": "milk",
            "production_type": 1,
            "camera_host": "192.111.1.1",
            "line_type": 1,
            "action_read_type": null,
            "is_deleted": false,
            "is_auto_send_report": false,
            "count_in_report": 2,
            "report_to_send": [
              1
            ]
          },
          {
            "id": "61716c2c1da06c439e359711",
            "line_number": 7,
            "name": "Агрегация тест1",
            "is_active": true,
            "product_group": "water",
            "production_type": 1,
            "camera_host": null,
            "line_type": 2,
            "action_read_type": 2,
            "is_deleted": false,
            "is_auto_send_report": false,
            "count_in_report": 2,
            "report_to_send": []
          },
          {
            "id": "625cf44a7a2a2a7da565e553",
            "line_number": 14,
            "name": "string",
            "is_active": false,
            "product_group": "water",
            "production_type": 2,
            "camera_host": null,
            "line_type": 1,
            "action_read_type": null,
            "is_deleted": true,
            "is_auto_send_report": false,
            "count_in_report": null,
            "report_to_send": null
          },
          {
            "id": "61a77a9609af8acf970d21ff",
            "line_number": 19,
            "name": "11111111114444",
            "is_active": false,
            "product_group": "water",
            "production_type": 2,
            "camera_host": null,
            "line_type": 1,
            "action_read_type": null,
            "is_deleted": true,
            "is_auto_send_report": false,
            "count_in_report": 10,
            "report_to_send": [
              1
            ]
          }
        ],
        "meta": {
          "total_count": 1169
        }
      }

========================================================================
TEST: tests/integration/test_gtin_and_line.py::TestLineManagement::test_filter_lines_by_product_group_water
========================================================================

  ► POST  https://spp-dev.smartpack.world/api/web/v1/line/filter
    REQUEST BODY:
      {
        "limit": 10,
        "offset": 0,
        "product_group": "water"
      }
    RESPONSE STATUS: 200
    RESPONSE BODY:
      {
        "data": [
          {
            "id": "61f7c1ae9c982b5c67fd16fc",
            "line_number": 0,
            "name": "string",
            "is_active": false,
            "product_group": "antiseptic",
            "production_type": 2,
            "camera_host": null,
            "line_type": 1,
            "action_read_type": null,
            "is_deleted": true,
            "is_auto_send_report": false,
            "count_in_report": 0,
            "report_to_send": [
              1
            ]
          },
          {
            "id": "60e431f7b62082049a6aa2db",
            "line_number": 1,
            "name": "UpdatedLine-77386815",
            "is_active": true,
            "product_group": "water",
            "production_type": 2,
            "camera_host": null,
            "line_type": 1,
            "action_read_type": null,
            "is_deleted": false,
            "is_auto_send_report": false,
            "count_in_report": null,
            "report_to_send": null
          },
          {
            "id": "60eda9473d9f8c1ceea2d2a9",
            "line_number": 2,
            "name": "antiseptic",
            "is_active": false,
            "product_group": "antiseptic",
            "production_type": 2,
            "camera_host": null,
            "line_type": 1,
            "action_read_type": null,
            "is_deleted": true,
            "is_auto_send_report": false,
            "count_in_report": null,
            "report_to_send": null
          },
          {
            "id": "610d0aa43d9f8c1ceea2e07d",
            "line_number": 3,
            "name": "water",
            "is_active": false,
            "product_group": "water",
            "production_type": 2,
            "camera_host": null,
            "line_type": 1,
            "action_read_type": null,
            "is_deleted": true,
            "is_auto_send_report": false,
            "count_in_report": null,
            "report_to_send": null
          },
          {
            "id": "612752c89841f9cc771c047d",
            "line_number": 4,
            "name": "milk223",
            "is_active": false,
            "product_group": "milk",
            "production_type": 2,
            "camera_host": "s",
            "line_type": 1,
            "action_read_type": null,
            "is_deleted": true,
            "is_auto_send_report": false,
            "count_in_report": 2,
            "report_to_send": [
              1
            ]
          },
          {
            "id": "612c86849c2a20539e649861",
            "line_number": 5,
            "name": "bio",
            "is_active": true,
            "product_group": "bio",
            "production_type": 2,
            "camera_host": null,
            "line_type": 1,
            "action_read_type": null,
            "is_deleted": false,
            "is_auto_send_report": false,
            "count_in_report": null,
            "report_to_send": null
          },
          {
            "id": "615571229c2a20539e64a841",
            "line_number": 6,
            "name": "Молоко 1.5 литра",
            "is_active": false,
            "product_group": "milk",
            "production_type": 1,
            "camera_host": "192.111.1.1",
            "line_type": 1,
            "action_read_type": null,
            "is_deleted": false,
            "is_auto_send_report": false,
            "count_in_report": 2,
            "report_to_send": [
              1
            ]
          },
          {
            "id": "61716c2c1da06c439e359711",
            "line_number": 7,
            "name": "Агрегация тест1",
            "is_active": true,
            "product_group": "water",
            "production_type": 1,
            "camera_host": null,
            "line_type": 2,
            "action_read_type": 2,
            "is_deleted": false,
            "is_auto_send_report": false,
            "count_in_report": 2,
            "report_to_send": []
          },
          {
            "id": "625cf44a7a2a2a7da565e553",
            "line_number": 14,
            "name": "string",
            "is_active": false,
            "product_group": "water",
            "production_type": 2,
            "camera_host": null,
            "line_type": 1,
            "action_read_type": null,
            "is_deleted": true,
            "is_auto_send_report": false,
            "count_in_report": null,
            "report_to_send": null
          },
          {
            "id": "61a77a9609af8acf970d21ff",
            "line_number": 19,
            "name": "11111111114444",
            "is_active": false,
            "product_group": "water",
            "production_type": 2,
            "camera_host": null,
            "line_type": 1,
            "action_read_type": null,
            "is_deleted": true,
            "is_auto_send_report": false,
            "count_in_report": 10,
            "report_to_send": [
              1
            ]
          }
        ],
        "meta": {
          "total_count": 1169
        }
      }

========================================================================
TEST: tests/integration/test_gtin_and_line.py::TestLineManagement::test_filter_lines_all_product_groups
========================================================================

  ► POST  https://spp-dev.smartpack.world/api/web/v1/line/filter
    REQUEST BODY:
      {
        "limit": 5,
        "offset": 0,
        "product_group": "milk"
      }
    RESPONSE STATUS: 200
    RESPONSE BODY:
      {
        "data": [
          {
            "id": "61f7c1ae9c982b5c67fd16fc",
            "line_number": 0,
            "name": "string",
            "is_active": false,
            "product_group": "antiseptic",
            "production_type": 2,
            "camera_host": null,
            "line_type": 1,
            "action_read_type": null,
            "is_deleted": true,
            "is_auto_send_report": false,
            "count_in_report": 0,
            "report_to_send": [
              1
            ]
          },
          {
            "id": "60e431f7b62082049a6aa2db",
            "line_number": 1,
            "name": "UpdatedLine-77386815",
            "is_active": true,
            "product_group": "water",
            "production_type": 2,
            "camera_host": null,
            "line_type": 1,
            "action_read_type": null,
            "is_deleted": false,
            "is_auto_send_report": false,
            "count_in_report": null,
            "report_to_send": null
          },
          {
            "id": "60eda9473d9f8c1ceea2d2a9",
            "line_number": 2,
            "name": "antiseptic",
            "is_active": false,
            "product_group": "antiseptic",
            "production_type": 2,
            "camera_host": null,
            "line_type": 1,
            "action_read_type": null,
            "is_deleted": true,
            "is_auto_send_report": false,
            "count_in_report": null,
            "report_to_send": null
          },
          {
            "id": "610d0aa43d9f8c1ceea2e07d",
            "line_number": 3,
            "name": "water",
            "is_active": false,
            "product_group": "water",
            "production_type": 2,
            "camera_host": null,
            "line_type": 1,
            "action_read_type": null,
            "is_deleted": true,
            "is_auto_send_report": false,
            "count_in_report": null,
            "report_to_send": null
          },
          {
            "id": "612752c89841f9cc771c047d",
            "line_number": 4,
            "name": "milk223",
            "is_active": false,
            "product_group": "milk",
            "production_type": 2,
            "camera_host": "s",
            "line_type": 1,
            "action_read_type": null,
            "is_deleted": true,
            "is_auto_send_report": false,
            "count_in_report": 2,
            "report_to_send": [
              1
            ]
          }
        ],
        "meta": {
          "total_count": 1169
        }
      }

  ► POST  https://spp-dev.smartpack.world/api/web/v1/line/filter
    REQUEST BODY:
      {
        "limit": 5,
        "offset": 0,
        "product_group": "water"
      }
    RESPONSE STATUS: 200
    RESPONSE BODY:
      {
        "data": [
          {
            "id": "61f7c1ae9c982b5c67fd16fc",
            "line_number": 0,
            "name": "string",
            "is_active": false,
            "product_group": "antiseptic",
            "production_type": 2,
            "camera_host": null,
            "line_type": 1,
            "action_read_type": null,
            "is_deleted": true,
            "is_auto_send_report": false,
            "count_in_report": 0,
            "report_to_send": [
              1
            ]
          },
          {
            "id": "60e431f7b62082049a6aa2db",
            "line_number": 1,
            "name": "UpdatedLine-77386815",
            "is_active": true,
            "product_group": "water",
            "production_type": 2,
            "camera_host": null,
            "line_type": 1,
            "action_read_type": null,
            "is_deleted": false,
            "is_auto_send_report": false,
            "count_in_report": null,
            "report_to_send": null
          },
          {
            "id": "60eda9473d9f8c1ceea2d2a9",
            "line_number": 2,
            "name": "antiseptic",
            "is_active": false,
            "product_group": "antiseptic",
            "production_type": 2,
            "camera_host": null,
            "line_type": 1,
            "action_read_type": null,
            "is_deleted": true,
            "is_auto_send_report": false,
            "count_in_report": null,
            "report_to_send": null
          },
          {
            "id": "610d0aa43d9f8c1ceea2e07d",
            "line_number": 3,
            "name": "water",
            "is_active": false,
            "product_group": "water",
            "production_type": 2,
            "camera_host": null,
            "line_type": 1,
            "action_read_type": null,
            "is_deleted": true,
            "is_auto_send_report": false,
            "count_in_report": null,
            "report_to_send": null
          },
          {
            "id": "612752c89841f9cc771c047d",
            "line_number": 4,
            "name": "milk223",
            "is_active": false,
            "product_group": "milk",
            "production_type": 2,
            "camera_host": "s",
            "line_type": 1,
            "action_read_type": null,
            "is_deleted": true,
            "is_auto_send_report": false,
            "count_in_report": 2,
            "report_to_send": [
              1
            ]
          }
        ],
        "meta": {
          "total_count": 1169
        }
      }

  ► POST  https://spp-dev.smartpack.world/api/web/v1/line/filter
    REQUEST BODY:
      {
        "limit": 5,
        "offset": 0,
        "product_group": "softdrinks"
      }
    RESPONSE STATUS: 200
    RESPONSE BODY:
      {
        "data": [
          {
            "id": "61f7c1ae9c982b5c67fd16fc",
            "line_number": 0,
            "name": "string",
            "is_active": false,
            "product_group": "antiseptic",
            "production_type": 2,
            "camera_host": null,
            "line_type": 1,
            "action_read_type": null,
            "is_deleted": true,
            "is_auto_send_report": false,
            "count_in_report": 0,
            "report_to_send": [
              1
            ]
          },
          {
            "id": "60e431f7b62082049a6aa2db",
            "line_number": 1,
            "name": "UpdatedLine-77386815",
            "is_active": true,
            "product_group": "water",
            "production_type": 2,
            "camera_host": null,
            "line_type": 1,
            "action_read_type": null,
            "is_deleted": false,
            "is_auto_send_report": false,
            "count_in_report": null,
            "report_to_send": null
          },
          {
            "id": "60eda9473d9f8c1ceea2d2a9",
            "line_number": 2,
            "name": "antiseptic",
            "is_active": false,
            "product_group": "antiseptic",
            "production_type": 2,
            "camera_host": null,
            "line_type": 1,
            "action_read_type": null,
            "is_deleted": true,
            "is_auto_send_report": false,
            "count_in_report": null,
            "report_to_send": null
          },
          {
            "id": "610d0aa43d9f8c1ceea2e07d",
            "line_number": 3,
            "name": "water",
            "is_active": false,
            "product_group": "water",
            "production_type": 2,
            "camera_host": null,
            "line_type": 1,
            "action_read_type": null,
            "is_deleted": true,
            "is_auto_send_report": false,
            "count_in_report": null,
            "report_to_send": null
          },
          {
            "id": "612752c89841f9cc771c047d",
            "line_number": 4,
            "name": "milk223",
            "is_active": false,
            "product_group": "milk",
            "production_type": 2,
            "camera_host": "s",
            "line_type": 1,
            "action_read_type": null,
            "is_deleted": true,
            "is_auto_send_report": false,
            "count_in_report": 2,
            "report_to_send": [
              1
            ]
          }
        ],
        "meta": {
          "total_count": 1169
        }
      }

  ► POST  https://spp-dev.smartpack.world/api/web/v1/line/filter
    REQUEST BODY:
      {
        "limit": 5,
        "offset": 0,
        "product_group": "fertilizers"
      }
    RESPONSE STATUS: 200
    RESPONSE BODY:
      {
        "data": [
          {
            "id": "61f7c1ae9c982b5c67fd16fc",
            "line_number": 0,
            "name": "string",
            "is_active": false,
            "product_group": "antiseptic",
            "production_type": 2,
            "camera_host": null,
            "line_type": 1,
            "action_read_type": null,
            "is_deleted": true,
            "is_auto_send_report": false,
            "count_in_report": 0,
            "report_to_send": [
              1
            ]
          },
          {
            "id": "60e431f7b62082049a6aa2db",
            "line_number": 1,
            "name": "UpdatedLine-77386815",
            "is_active": true,
            "product_group": "water",
            "production_type": 2,
            "camera_host": null,
            "line_type": 1,
            "action_read_type": null,
            "is_deleted": false,
            "is_auto_send_report": false,
            "count_in_report": null,
            "report_to_send": null
          },
          {
            "id": "60eda9473d9f8c1ceea2d2a9",
            "line_number": 2,
            "name": "antiseptic",
            "is_active": false,
            "product_group": "antiseptic",
            "production_type": 2,
            "camera_host": null,
            "line_type": 1,
            "action_read_type": null,
            "is_deleted": true,
            "is_auto_send_report": false,
            "count_in_report": null,
            "report_to_send": null
          },
          {
            "id": "610d0aa43d9f8c1ceea2e07d",
            "line_number": 3,
            "name": "water",
            "is_active": false,
            "product_group": "water",
            "production_type": 2,
            "camera_host": null,
            "line_type": 1,
            "action_read_type": null,
            "is_deleted": true,
            "is_auto_send_report": false,
            "count_in_report": null,
            "report_to_send": null
          },
          {
            "id": "612752c89841f9cc771c047d",
            "line_number": 4,
            "name": "milk223",
            "is_active": false,
            "product_group": "milk",
            "production_type": 2,
            "camera_host": "s",
            "line_type": 1,
            "action_read_type": null,
            "is_deleted": true,
            "is_auto_send_report": false,
            "count_in_report": 2,
            "report_to_send": [
              1
            ]
          }
        ],
        "meta": {
          "total_count": 1169
        }
      }

  ► POST  https://spp-dev.smartpack.world/api/web/v1/line/filter
    REQUEST BODY:
      {
        "limit": 5,
        "offset": 0,
        "product_group": "chemistry"
      }
    RESPONSE STATUS: 200
    RESPONSE BODY:
      {
        "data": [
          {
            "id": "61f7c1ae9c982b5c67fd16fc",
            "line_number": 0,
            "name": "string",
            "is_active": false,
            "product_group": "antiseptic",
            "production_type": 2,
            "camera_host": null,
            "line_type": 1,
            "action_read_type": null,
            "is_deleted": true,
            "is_auto_send_report": false,
            "count_in_report": 0,
            "report_to_send": [
              1
            ]
          },
          {
            "id": "60e431f7b62082049a6aa2db",
            "line_number": 1,
            "name": "UpdatedLine-77386815",
            "is_active": true,
            "product_group": "water",
            "production_type": 2,
            "camera_host": null,
            "line_type": 1,
            "action_read_type": null,
            "is_deleted": false,
            "is_auto_send_report": false,
            "count_in_report": null,
            "report_to_send": null
          },
          {
            "id": "60eda9473d9f8c1ceea2d2a9",
            "line_number": 2,
            "name": "antiseptic",
            "is_active": false,
            "product_group": "antiseptic",
            "production_type": 2,
            "camera_host": null,
            "line_type": 1,
            "action_read_type": null,
            "is_deleted": true,
            "is_auto_send_report": false,
            "count_in_report": null,
            "report_to_send": null
          },
          {
            "id": "610d0aa43d9f8c1ceea2e07d",
            "line_number": 3,
            "name": "water",
            "is_active": false,
            "product_group": "water",
            "production_type": 2,
            "camera_host": null,
            "line_type": 1,
            "action_read_type": null,
            "is_deleted": true,
            "is_auto_send_report": false,
            "count_in_report": null,
            "report_to_send": null
          },
          {
            "id": "612752c89841f9cc771c047d",
            "line_number": 4,
            "name": "milk223",
            "is_active": false,
            "product_group": "milk",
            "production_type": 2,
            "camera_host": "s",
            "line_type": 1,
            "action_read_type": null,
            "is_deleted": true,
            "is_auto_send_report": false,
            "count_in_report": 2,
            "report_to_send": [
              1
            ]
          }
        ],
        "meta": {
          "total_count": 1169
        }
      }

  ► POST  https://spp-dev.smartpack.world/api/web/v1/line/filter
    REQUEST BODY:
      {
        "limit": 5,
        "offset": 0,
        "product_group": "shoes"
      }
    RESPONSE STATUS: 200
    RESPONSE BODY:
      {
        "data": [
          {
            "id": "61f7c1ae9c982b5c67fd16fc",
            "line_number": 0,
            "name": "string",
            "is_active": false,
            "product_group": "antiseptic",
            "production_type": 2,
            "camera_host": null,
            "line_type": 1,
            "action_read_type": null,
            "is_deleted": true,
            "is_auto_send_report": false,
            "count_in_report": 0,
            "report_to_send": [
              1
            ]
          },
          {
            "id": "60e431f7b62082049a6aa2db",
            "line_number": 1,
            "name": "UpdatedLine-77386815",
            "is_active": true,
            "product_group": "water",
            "production_type": 2,
            "camera_host": null,
            "line_type": 1,
            "action_read_type": null,
            "is_deleted": false,
            "is_auto_send_report": false,
            "count_in_report": null,
            "report_to_send": null
          },
          {
            "id": "60eda9473d9f8c1ceea2d2a9",
            "line_number": 2,
            "name": "antiseptic",
            "is_active": false,
            "product_group": "antiseptic",
            "production_type": 2,
            "camera_host": null,
            "line_type": 1,
            "action_read_type": null,
            "is_deleted": true,
            "is_auto_send_report": false,
            "count_in_report": null,
            "report_to_send": null
          },
          {
            "id": "610d0aa43d9f8c1ceea2e07d",
            "line_number": 3,
            "name": "water",
            "is_active": false,
            "product_group": "water",
            "production_type": 2,
            "camera_host": null,
            "line_type": 1,
            "action_read_type": null,
            "is_deleted": true,
            "is_auto_send_report": false,
            "count_in_report": null,
            "report_to_send": null
          },
          {
            "id": "612752c89841f9cc771c047d",
            "line_number": 4,
            "name": "milk223",
            "is_active": false,
            "product_group": "milk",
            "production_type": 2,
            "camera_host": "s",
            "line_type": 1,
            "action_read_type": null,
            "is_deleted": true,
            "is_auto_send_report": false,
            "count_in_report": 2,
            "report_to_send": [
              1
            ]
          }
        ],
        "meta": {
          "total_count": 1169
        }
      }

========================================================================
TEST: tests/integration/test_gtin_and_line.py::TestLineManagement::test_create_line
========================================================================

  ► POST  https://spp-dev.smartpack.world/api/web/v1/line/create
    REQUEST BODY:
      {
        "name": "Test Line 173631",
        "line_type": 1,
        "product_group": "milk",
        "production_type": 1,
        "pin_code": "0000",
        "is_auto_send_report": false
      }
    RESPONSE STATUS: 200
    RESPONSE BODY:
      {
        "data": true
      }

========================================================================
TEST: tests/integration/test_gtin_and_line.py::TestLineManagement::test_filter_lines_pagination
========================================================================

  ► POST  https://spp-dev.smartpack.world/api/web/v1/line/filter
    REQUEST BODY:
      {
        "limit": 5,
        "offset": 0
      }
    RESPONSE STATUS: 200
    RESPONSE BODY:
      {
        "data": [
          {
            "id": "61f7c1ae9c982b5c67fd16fc",
            "line_number": 0,
            "name": "string",
            "is_active": false,
            "product_group": "antiseptic",
            "production_type": 2,
            "camera_host": null,
            "line_type": 1,
            "action_read_type": null,
            "is_deleted": true,
            "is_auto_send_report": false,
            "count_in_report": 0,
            "report_to_send": [
              1
            ]
          },
          {
            "id": "60e431f7b62082049a6aa2db",
            "line_number": 1,
            "name": "UpdatedLine-77386815",
            "is_active": true,
            "product_group": "water",
            "production_type": 2,
            "camera_host": null,
            "line_type": 1,
            "action_read_type": null,
            "is_deleted": false,
            "is_auto_send_report": false,
            "count_in_report": null,
            "report_to_send": null
          },
          {
            "id": "60eda9473d9f8c1ceea2d2a9",
            "line_number": 2,
            "name": "antiseptic",
            "is_active": false,
            "product_group": "antiseptic",
            "production_type": 2,
            "camera_host": null,
            "line_type": 1,
            "action_read_type": null,
            "is_deleted": true,
            "is_auto_send_report": false,
            "count_in_report": null,
            "report_to_send": null
          },
          {
            "id": "610d0aa43d9f8c1ceea2e07d",
            "line_number": 3,
            "name": "water",
            "is_active": false,
            "product_group": "water",
            "production_type": 2,
            "camera_host": null,
            "line_type": 1,
            "action_read_type": null,
            "is_deleted": true,
            "is_auto_send_report": false,
            "count_in_report": null,
            "report_to_send": null
          },
          {
            "id": "612752c89841f9cc771c047d",
            "line_number": 4,
            "name": "milk223",
            "is_active": false,
            "product_group": "milk",
            "production_type": 2,
            "camera_host": "s",
            "line_type": 1,
            "action_read_type": null,
            "is_deleted": true,
            "is_auto_send_report": false,
            "count_in_report": 2,
            "report_to_send": [
              1
            ]
          }
        ],
        "meta": {
          "total_count": 1170
        }
      }

  ► POST  https://spp-dev.smartpack.world/api/web/v1/line/filter
    REQUEST BODY:
      {
        "limit": 5,
        "offset": 5
      }
    RESPONSE STATUS: 200
    RESPONSE BODY:
      {
        "data": [
          {
            "id": "61f7c1ae9c982b5c67fd16fc",
            "line_number": 0,
            "name": "string",
            "is_active": false,
            "product_group": "antiseptic",
            "production_type": 2,
            "camera_host": null,
            "line_type": 1,
            "action_read_type": null,
            "is_deleted": true,
            "is_auto_send_report": false,
            "count_in_report": 0,
            "report_to_send": [
              1
            ]
          },
          {
            "id": "60e431f7b62082049a6aa2db",
            "line_number": 1,
            "name": "UpdatedLine-77386815",
            "is_active": true,
            "product_group": "water",
            "production_type": 2,
            "camera_host": null,
            "line_type": 1,
            "action_read_type": null,
            "is_deleted": false,
            "is_auto_send_report": false,
            "count_in_report": null,
            "report_to_send": null
          },
          {
            "id": "60eda9473d9f8c1ceea2d2a9",
            "line_number": 2,
            "name": "antiseptic",
            "is_active": false,
            "product_group": "antiseptic",
            "production_type": 2,
            "camera_host": null,
            "line_type": 1,
            "action_read_type": null,
            "is_deleted": true,
            "is_auto_send_report": false,
            "count_in_report": null,
            "report_to_send": null
          },
          {
            "id": "610d0aa43d9f8c1ceea2e07d",
            "line_number": 3,
            "name": "water",
            "is_active": false,
            "product_group": "water",
            "production_type": 2,
            "camera_host": null,
            "line_type": 1,
            "action_read_type": null,
            "is_deleted": true,
            "is_auto_send_report": false,
            "count_in_report": null,
            "report_to_send": null
          },
          {
            "id": "612752c89841f9cc771c047d",
            "line_number": 4,
            "name": "milk223",
            "is_active": false,
            "product_group": "milk",
            "production_type": 2,
            "camera_host": "s",
            "line_type": 1,
            "action_read_type": null,
            "is_deleted": true,
            "is_auto_send_report": false,
            "count_in_report": 2,
            "report_to_send": [
              1
            ]
          }
        ],
        "meta": {
          "total_count": 1170
        }
      }

========================================================================
TEST: tests/integration/test_gtin_and_line.py::TestGTINManagement::test_filter_gtin_default
========================================================================

  ► POST  https://spp-dev.smartpack.world/api/web/v1/gtin/filter
    REQUEST BODY:
      {
        "limit": 20,
        "offset": 0
      }
    RESPONSE STATUS: 200
    RESPONSE BODY:
      {
        "data": [
          {
            "gtin": "04600494009044",
            "good_name": "Мороженка Тест",
            "brand_name": "Коровка из Кореновки",
            "is_required_vsd": true,
            "tnved_code": "2105000000",
            "certificate_type": 1,
            "certificate_number": "ЕАЭС RU С-CN.АМ04.В.00391/19",
            "certificate_date": "2022-11-21T03:00:00+00:00",
            "is_required_variable_weight": false,
            "variable_weight": 100.0,
            "exp_date_delta": 12,
            "package_gtin": null,
            "product_group": "milk",
            "well_number": "6666666666666666666",
            "licences": {
              "licence_number": "3131313131313131313131",
              "licence_date": "2024-03-21T00:00:00+00:00"
            },
            "kpp": null,
            "fias_id": null,
            "alcohol_volume": null,
            "tax_number": "32132133",
            "exporter_name": "ООО \"Экспортер\"",
            "exporter_country": "AM",
            "owner_inn": "7724211288",
            "producer_inn": "444444444444",
            "is_required_certificate": true
          },
          {
            "gtin": "04640043461114",
            "good_name": "Молоко для групповой упаковки",
            "brand_name": "Азбука сыра",
            "is_required_vsd": true,
            "tnved_code": "0401101000",
            "certificate_type": 1,
            "certificate_number": "12324234",
            "certificate_date": "2022-11-16T03:00:00+00:00",
            "is_required_variable_weight": false,
            "variable_weight": 900.0,
            "exp_date_delta": null,
            "package_gtin": null,
            "product_group": "milk",
            "well_number": null,
            "licences": null,
            "kpp": null,
            "fias_id": null,
            "alcohol_volume": null,
            "tax_number": "32132133",
            "exporter_name": "ООО \"Экспортер\"",
            "exporter_country": "AM",
            "owner_inn": "7731376812",
            "producer_inn": null,
            "is_required_certificate": true
          },
          {
            "gtin": "04640043463996",
            "good_name": "БОТИНКИ ARMACO",
            "brand_name": null,
            "is_required_vsd": null,
            "tnved_code": "6404110000",
            "certificate_type": 2,
            "certificate_number": "12345671",
            "certificate_date": "2022-10-06T03:00:00+00:00",
            "is_required_variable_weight": false,
            "variable_weight": 0.0,
            "exp_date_delta": 14,
            "package_gtin": null,
            "product_group": "shoes",
            "well_number": null,
            "licences": {
              "licence_number": "2222222",
              "licence_date": "2025-01-28T15:58:52.555000+00:00"
            },
            "kpp": "5555555555",
            "fias_id": "112233445566",
            "alcohol_volume": "40",
            "tax_number": "32132132",
            "exporter_name": "ООО \"Ованес\"",
            "exporter_country": "AM",
            "owner_inn": "7731376812",
            "producer_inn": null,
            "is_required_certificate": false
          },
          {
            "gtin": "04600494009013",
            "good_name": "Вода Кроки",
            "brand_name": null,
            "is_required_vsd": false,
            "tnved_code": "2201101100",
            "certificate_type": 2,
            "certificate_number": "rt45ytgfe4t567uyjt",
            "certificate_date": "2023-01-25T03:00:00+00:00",
            "is_required_variable_weight": false,
            "variable_weight": null,
            "exp_date_delta": null,
            "package_gtin": null,
            "product_group": "water",
            "well_number": "123456789",
            "licences": {
              "licence_number": "1254АА443343",
              "licence_date": "2024-03-26T03:00:00+00:00"
            },
            "kpp": "770301001",
            "fias_id": "cf7e18f5-925c-4926-8e07-6a2d37116502",
            "alcohol_volume": null,
            "tax_number": "32132132",
            "exporter_name": "ООО \"Ованес\"",
            "exporter_country": "AM",
            "owner_inn": "7724211288",
            "producer_inn": "7724211288",
            "is_required_certificate": true
          },
          {
            "gtin": "04600433600622",
            "good_name": "Вода минеральная природная столовая питьевая Кубай негазированная",
            "brand_name": "Кубай",
            "is_required_vsd": null,
            "tnved_code": "2201101100",
            "certificate_type": null,
            "certificate_number": null,
            "certificate_date": null,
            "is_required_variable_weight": false,
            "variable_weight": 5000.0,
            "exp_date_delta": null,
            "package_gtin": null,
            "product_group": "water",
            "well_number": null,
            "licences": null,
            "kpp": null,
            "fias_id": null,
            "alcohol_volume": null,
            "tax_number": "321",
            "exporter_name": "abcd",
            "exporter_country": "AM",
            "owner_inn": null,
            "producer_inn": null,
            "is_required_certificate": true
          },
          {
            "gtin": "04600494008641",
            "good_name": "Очень хочется в Италию",
            "brand_name": "ЦРПТ 3",
            "is_required_vsd": false,
            "tnved_code": "0406906100",
            "certificate_type": null,
            "certificate_number": "ЕАЭС RU С-CN.НР15.А.01110/20",
            "certificate_date": null,
            "is_required_variable_weight": false,
            "variable_weight": 3000.0,
            "exp_date_delta": null,
            "package_gtin": null,
            "product_group": "milk",
            "well_number": null,
            "licences": null,
            "kpp": null,
            "fias_id": null,
            "alcohol_volume": null,
            "tax_number": "321234434",
            "exporter_name": "abcd",
            "exporter_country": "AM",
            "owner_inn": "7726739740",
            "producer_inn": null,
            "is_required_certificate": true
          },
          {
            "gtin": "03456789873699",
            "good_name": "Экземпляр 1, вода Честный знак",
            "brand_name": "Честный Знак",
            "is_required_vsd": null,
            "tnved_code": "2201101900",
            "certificate_type": 1,
            "certificate_number": "документ№1",
            "certificate_date": "2022-11-30T03:00:00+00:00",
            "is_required_variable_weight": false,
            "variable_weight": 1000.0,
            "exp_date_delta": null,
            "package_gtin": null,
            "product_group": "water",
            "well_number": "9875555",
            "licences": {
              "licence_number": "8888811111",
              "licence_date": "2024-04-04T00:00:00+00:00"
            },
            "kpp": null,
            "fias_id": null,
            "alcohol_volume": null,
            "tax_number": "321",
            "exporter_name": "abcd",
            "exporter_country": "AM",
            "owner_inn": "7724211288",
            "producer_inn": "7731376812",
            "is_required_certificate": true
          },
          {
            "gtin": "04607980207724",
            "good_name": "Вода минеральная К",
            "brand_name": "Мой знак",
            "is_required_vsd": null,
            "tnved_code": "2201101100",
            "certificate_type": 1,
            "certificate_number": "iuhjkiy7hjkioujou8",
            "certificate_date": "2023-01-24T15:56:58.714000+00:00",
            "is_required_variable_weight": false,
            "variable_weight": 1000.0,
            "exp_date_delta": null,
            "package_gtin": null,
            "product_group": "water",
            "well_number": null,
            "licences": null,
            "kpp": null,
            "fias_id": null,
            "alcohol_volume": null,
            "tax_number": "32123424",
            "exporter_name": "abcd",
            "exporter_country": "AM",
            "owner_inn": "7731376812",
            "producer_inn": null,
            "is_required_certificate": true
          },
          {
            "gtin": "04607980207786",
            "good_name": "Маслице",
            "brand_name": "ЧЕСТНЫЙ МАСЛОДЕЛ",
            "is_required_vsd": true,
            "tnved_code": "0405101900",
            "certificate_type": null,
            "certificate_number": null,
            "certificate_date": null,
            "is_required_variable_weight": false,
            "variable_weight": 500.0,
            "exp_date_delta": null,
            "package_gtin": null,
            "product_group": "milk",
            "well_number": null,
            "licences": null,
            "kpp": null,
            "fias_id": null,
            "alcohol_volume": null,
            "tax_number": "321234434",
            "exporter_name": "abcd",
            "exporter_country": "AM",
            "owner_inn": "7731376812",
            "producer_inn": null,
            "is_required_certificate": true
          },
          {
            "gtin": "04607980207922",
            "good_name": "Вода минеральная",
            "brand_name": "вода минеральная газированная вкусная 1,5 л",
            "is_required_vsd": false,
            "tnved_code": "2201101100",
            "certificate_type": 1,
            "certificate_number": "12345",
            "certificate_date": "2023-09-01T03:00:00+00:00",
            "is_required_variable_weight": false,
            "variable_weight": 500000.0,
            "exp_date_delta": null,
            "package_gtin": [
              "04607980207900"
            ],
            "product_group": "water",
            "well_number": "567",
            "licences": {
              "licence_number": "АА32325232",
              "licence_date": "2024-01-01T00:00:00+00:00"
            },
            "kpp": null,
            "fias_id": null,
            "alcohol_volume": null,
            "tax_number": "321",
            "exporter_name": "abcd",
            "exporter_country": "AM",
            "owner_inn": "7731376812",
            "producer_inn": null,
            "is_required_certificate": true
          },
          {
            "gtin": "04647297654873",
            "good_name": "Витаминки",
            "brand_name": "Тестй",
            "is_required_vsd": null,
            "tnved_code": "2936290009",
            "certificate_type": 1,
            "certificate_number": "number doc",
            "certificate_date": "2022-11-17T06:00:00+00:00",
            "is_required_variable_weight": false,
            "variable_weight": 5.0,
            "exp_date_delta": null,
            "package_gtin": null,
            "product_group": "bio",
            "well_number": null,
            "licences": null,
            "kpp": null,
            "fias_id": null,
            "alcohol_volume": null,
            "tax_number": "321",
            "exporter_name": "abcd",
            "exporter_country": "AM",
            "owner_inn": "7731376812",
            "producer_inn": null,
            "is_required_certificate": false
          },
          {
            "gtin": "04607980207656",
            "good_name": "Гель антисептический",
            "brand_name": "нет",
            "is_required_vsd": null,
            "tnved_code": "3808949000",
            "certificate_type": 2,
            "certificate_number": "123456",
            "certificate_date": "2023-09-19T03:00:00+00:00",
            "is_required_variable_weight": false,
            "variable_weight": null,
            "exp_date_delta": null,
            "package_gtin": [
              "001"
            ],
            "product_group": "antiseptic",
            "well_number": null,
            "licences": null,
            "kpp": null,
            "fias_id": null,
            "alcohol_volume": null,
            "tax_number": "321",
            "exporter_name": "abcd",
            "exporter_country": "AM",
            "owner_inn": "7731376812",
            "producer_inn": null,
            "is_required_certificate": true
          },
          {
            "gtin": "04647297654767",
            "good_name": "Анти гель",
            "brand_name": "Тест",
            "is_required_vsd": null,
            "tnved_code": "3808949000",
            "certificate_type": 1,
            "certificate_number": "2345678",
            "certificate_date": "2023-06-19T03:00:00+00:00",
            "is_required_variable_weight": false,
            "variable_weight": null,
            "exp_date_delta": null,
            "package_gtin": null,
            "product_group": "antiseptic",
            "well_number": null,
            "licences": null,
            "kpp": null,
            "fias_id": null,
            "alcohol_volume": null,
            "tax_number": "321",
            "exporter_name": "abcd",
            "exporter_country": "AM",
            "owner_inn": "7731376812",
            "producer_inn": null,
            "is_required_certificate": true
          },
          {
            "gtin": "04647297654781",
            "good_name": "Вита",
            "brand_name": "Тестй",
            "is_required_vsd": null,
            "tnved_code": "2936290009",
            "certificate_type": 1,
            "certificate_number": "ЕАЭС RU С-RU.АЕ56.В.00019/19",
            "certificate_date": "2023-03-14T03:00:00+00:00",
            "is_required_variable_weight": false,
            "variable_weight": 50.0,
            "exp_date_delta": null,
            "package_gtin": null,
            "product_group": "bio",
            "well_number": null,
            "licences": null,
            "kpp": null,
            "fias_id": null,
            "alcohol_volume": null,
            "tax_number": "321",
            "exporter_name": "abcd",
            "exporter_country": "AM",
            "owner_inn": "7731376812",
            "producer_inn": null,
            "is_required_certificate": false
          },
          {
            "gtin": "04669318392939",
            "good_name": "Антисептики",
            "brand_name": "тест бренд",
            "is_required_vsd": null,
            "tnved_code": "3808949000",
            "certificate_type": 1,
            "certificate_number": "12345678/010823/1234567",
            "certificate_date": "2023-08-16T03:00:00+00:00",
            "is_required_variable_weight": false,
            "variable_weight": null,
            "exp_date_delta": null,
            "package_gtin": null,
            "product_group": "antiseptic",
            "well_number": null,
            "licences": null,
            "kpp": null,
            "fias_id": null,
            "alcohol_volume": null,
            "tax_number": "321",
            "exporter_name": "abcd",
            "exporter_country": "AM",
            "owner_inn": "7731376812",
            "producer_inn": null,
            "is_required_certificate": true
          },
          {
            "gtin": "04647297654910",
            "good_name": "Вода",
            "brand_name": "тест бренд",
            "is_required_vsd": null,
            "tnved_code": "2201109000",
            "certificate_type": 2,
            "certificate_number": "ЕАЭС N RU Д-RU.РА01.В.50673/21",
            "certificate_date": "2023-01-25T07:00:00+00:00",
            "is_required_variable_weight": false,
            "variable_weight": 15000.0,
            "exp_date_delta": 365,
            "package_gtin": null,
            "product_group": "water",
            "well_number": "111",
            "licences": {
              "licence_number": "123ВВ12345111а",
              "licence_date": "2024-07-10T00:00:00+00:00"
            },
            "kpp": "132132135",
            "fias_id": null,
            "alcohol_volume": null,
            "tax_number": "321123124",
            "exporter_name": "abcdd",
            "exporter_country": "KZ",
            "owner_inn": "7731376812",
            "producer_inn": "7724211288",
            "is_required_certificate": false
          },
          {
            "gtin": "04607980207113",
            "good_name": "TRUSSARDI PARFUMS / TRUSSARDI UOMO THE RED men (тестер) 100 мл туалетная вода",
            "brand_name": "TRUSSARDI",
            "is_required_vsd": null,
            "tnved_code": "3303000000",
            "certificate_type": 1,
            "certificate_number": "12345",
            "certificate_date": "2022-11-16T03:00:00+00:00",
            "is_required_variable_weight": false,
            "variable_weight": 100.0,
            "exp_date_delta": null,
            "package_gtin": null,
            "product_group": "perfumery",
            "well_number": null,
            "licences": null,
            "kpp": null,
            "fias_id": null,
            "alcohol_volume": null,
            "tax_number": "321",
            "exporter_name": "abcd",
            "exporter_country": "AM",
            "owner_inn": "7731376812",
            "producer_inn": null,
            "is_required_certificate": true
          },
          {
            "gtin": "04669318392526",
            "good_name": "Честная вода",
            "brand_name": null,
            "is_required_vsd": false,
            "tnved_code": "2201101100",
            "certificate_type": 2,
            "certificate_number": "ЕАЭС N RU Д-RU.РА01.В.50673/21",
            "certificate_date": "2023-03-01T03:00:00+00:00",
            "is_required_variable_weight": false,
            "variable_weight": 500.0,
            "exp_date_delta": 365,
            "package_gtin": [
              "04669318392540"
            ],
            "product_group": "water",
            "well_number": "17",
            "licences": {
              "licence_number": "МОС06318ВЭ",
              "licence_date": "2024-01-01T03:00:00+00:00"
            },
            "kpp": null,
            "fias_id": null,
            "alcohol_volume": null,
            "tax_number": "32112343",
            "exporter_name": "Ромашка",
            "exporter_country": "BY",
            "owner_inn": "7731376812",
            "producer_inn": "7731376812",
            "is_required_certificate": true
          },
          {
            "gtin": "04640043461343",
            "good_name": "Полотенце Элиза коричневый 40*60",
            "brand_name": "600534",
            "is_required_vsd": null,
            "tnved_code": null,
            "certificate_type": 1,
            "certificate_number": "32324234",
            "certificate_date": "2022-01-01T03:00:00+00:00",
            "is_required_variable_weight": false,
            "variable_weight": null,
            "exp_date_delta": null,
            "package_gtin": null,
            "product_group": "lp",
            "well_number": null,
            "licences": null,
            "kpp": null,
            "fias_id": null,
            "alcohol_volume": null,
            "tax_number": "321",
            "exporter_name": "abcd",
            "exporter_country": "AM",
            "owner_inn": "7731376812",
            "producer_inn": null,
            "is_required_certificate": true
          },
          {
            "gtin": "04607980207199",
            "good_name": "Комплекты постельного белья",
            "brand_name": "\"Постелька\"",
            "is_required_vsd": null,
            "tnved_code": "6302100001",
            "certificate_type": null,
            "certificate_number": null,
            "certificate_date": null,
            "is_required_variable_weight": false,
            "variable_weight": null,
            "exp_date_delta": null,
            "package_gtin": null,
            "product_group": "lp",
            "well_number": null,
            "licences": null,
            "kpp": null,
            "fias_id": null,
            "alcohol_volume": null,
            "tax_number": "321",
            "exporter_name": "abcd",
            "exporter_country": "AM",
            "owner_inn": "7731376812",
            "producer_inn": null,
            "is_required_certificate": true
          }
        ],
        "meta": {
          "total_count": 133
        }
      }

========================================================================
TEST: tests/integration/test_gtin_and_line.py::TestGTINManagement::test_filter_gtin_milk
========================================================================

  ► POST  https://spp-dev.smartpack.world/api/web/v1/gtin/filter
    REQUEST BODY:
      {
        "limit": 10,
        "offset": 0,
        "product_group": "milk"
      }
    RESPONSE STATUS: 200
    RESPONSE BODY:
      {
        "data": [
          {
            "gtin": "04600494009044",
            "good_name": "Мороженка Тест",
            "brand_name": "Коровка из Кореновки",
            "is_required_vsd": true,
            "tnved_code": "2105000000",
            "certificate_type": 1,
            "certificate_number": "ЕАЭС RU С-CN.АМ04.В.00391/19",
            "certificate_date": "2022-11-21T03:00:00+00:00",
            "is_required_variable_weight": false,
            "variable_weight": 100.0,
            "exp_date_delta": 12,
            "package_gtin": null,
            "product_group": "milk",
            "well_number": "6666666666666666666",
            "licences": {
              "licence_number": "3131313131313131313131",
              "licence_date": "2024-03-21T00:00:00+00:00"
            },
            "kpp": null,
            "fias_id": null,
            "alcohol_volume": null,
            "tax_number": "32132133",
            "exporter_name": "ООО \"Экспортер\"",
            "exporter_country": "AM",
            "owner_inn": "7724211288",
            "producer_inn": "444444444444",
            "is_required_certificate": true
          },
          {
            "gtin": "04640043461114",
            "good_name": "Молоко для групповой упаковки",
            "brand_name": "Азбука сыра",
            "is_required_vsd": true,
            "tnved_code": "0401101000",
            "certificate_type": 1,
            "certificate_number": "12324234",
            "certificate_date": "2022-11-16T03:00:00+00:00",
            "is_required_variable_weight": false,
            "variable_weight": 900.0,
            "exp_date_delta": null,
            "package_gtin": null,
            "product_group": "milk",
            "well_number": null,
            "licences": null,
            "kpp": null,
            "fias_id": null,
            "alcohol_volume": null,
            "tax_number": "32132133",
            "exporter_name": "ООО \"Экспортер\"",
            "exporter_country": "AM",
            "owner_inn": "7731376812",
            "producer_inn": null,
            "is_required_certificate": true
          },
          {
            "gtin": "04600494008641",
            "good_name": "Очень хочется в Италию",
            "brand_name": "ЦРПТ 3",
            "is_required_vsd": false,
            "tnved_code": "0406906100",
            "certificate_type": null,
            "certificate_number": "ЕАЭС RU С-CN.НР15.А.01110/20",
            "certificate_date": null,
            "is_required_variable_weight": false,
            "variable_weight": 3000.0,
            "exp_date_delta": null,
            "package_gtin": null,
            "product_group": "milk",
            "well_number": null,
            "licences": null,
            "kpp": null,
            "fias_id": null,
            "alcohol_volume": null,
            "tax_number": "321234434",
            "exporter_name": "abcd",
            "exporter_country": "AM",
            "owner_inn": "7726739740",
            "producer_inn": null,
            "is_required_certificate": true
          },
          {
            "gtin": "04607980207786",
            "good_name": "Маслице",
            "brand_name": "ЧЕСТНЫЙ МАСЛОДЕЛ",
            "is_required_vsd": true,
            "tnved_code": "0405101900",
            "certificate_type": null,
            "certificate_number": null,
            "certificate_date": null,
            "is_required_variable_weight": false,
            "variable_weight": 500.0,
            "exp_date_delta": null,
            "package_gtin": null,
            "product_group": "milk",
            "well_number": null,
            "licences": null,
            "kpp": null,
            "fias_id": null,
            "alcohol_volume": null,
            "tax_number": "321234434",
            "exporter_name": "abcd",
            "exporter_country": "AM",
            "owner_inn": "7731376812",
            "producer_inn": null,
            "is_required_certificate": true
          },
          {
            "gtin": "04648349498834",
            "good_name": "Сгущенка \"Коровушка\"",
            "brand_name": "Proud Ostrich",
            "is_required_vsd": false,
            "tnved_code": "0402109900",
            "certificate_type": 1,
            "certificate_number": "12345678/290523/1234567",
            "certificate_date": "2023-08-01T03:00:00+00:00",
            "is_required_variable_weight": false,
            "variable_weight": 900.0,
            "exp_date_delta": null,
            "package_gtin": null,
            "product_group": "milk",
            "well_number": null,
            "licences": null,
            "kpp": null,
            "fias_id": null,
            "alcohol_volume": null,
            "tax_number": "321",
            "exporter_name": "abcd",
            "exporter_country": "AM",
            "owner_inn": "7731376812",
            "producer_inn": null,
            "is_required_certificate": true
          },
          {
            "gtin": "04648349498155",
            "good_name": "Молоко молоко",
            "brand_name": "Молочная Страна",
            "is_required_vsd": false,
            "tnved_code": "0401301100",
            "certificate_type": 2,
            "certificate_number": "456",
            "certificate_date": "2022-11-02T03:00:00+00:00",
            "is_required_variable_weight": true,
            "variable_weight": 5000.0,
            "exp_date_delta": null,
            "package_gtin": null,
            "product_group": "milk",
            "well_number": null,
            "licences": null,
            "kpp": null,
            "fias_id": null,
            "alcohol_volume": null,
            "tax_number": "321",
            "exporter_name": "abcd",
            "exporter_country": "AM",
            "owner_inn": "7731376812",
            "producer_inn": null,
            "is_required_certificate": true
          },
          {
            "gtin": "09475623034540",
            "good_name": "Голубой сыр с переменным весом",
            "brand_name": "Новый Сыр",
            "is_required_vsd": false,
            "tnved_code": "0406409000",
            "certificate_type": 1,
            "certificate_number": null,
            "certificate_date": null,
            "is_required_variable_weight": false,
            "variable_weight": 500.0,
            "exp_date_delta": null,
            "package_gtin": null,
            "product_group": "milk",
            "well_number": null,
            "licences": null,
            "kpp": null,
            "fias_id": null,
            "alcohol_volume": null,
            "tax_number": "321",
            "exporter_name": "abcd",
            "exporter_country": "AM",
            "owner_inn": "7731376812",
            "producer_inn": null,
            "is_required_certificate": true
          },
          {
            "gtin": "04750025897227",
            "good_name": "Еще сыр",
            "brand_name": "EKSELENCE",
            "is_required_vsd": true,
            "tnved_code": "0406103000",
            "certificate_type": null,
            "certificate_number": null,
            "certificate_date": null,
            "is_required_variable_weight": false,
            "variable_weight": 1000.0,
            "exp_date_delta": null,
            "package_gtin": null,
            "product_group": "milk",
            "well_number": null,
            "licences": null,
            "kpp": null,
            "fias_id": null,
            "alcohol_volume": null,
            "tax_number": "321",
            "exporter_name": "abcd",
            "exporter_country": "AM",
            "owner_inn": "7731376812",
            "producer_inn": null,
            "is_required_certificate": true
          },
          {
            "gtin": "04600494008887",
            "good_name": "Молоко с упаковкой",
            "brand_name": null,
            "is_required_vsd": null,
            "tnved_code": null,
            "certificate_type": null,
            "certificate_number": null,
            "certificate_date": null,
            "is_required_variable_weight": false,
            "variable_weight": null,
            "exp_date_delta": null,
            "package_gtin": null,
            "product_group": "milk",
            "well_number": null,
            "licences": null,
            "kpp": null,
            "fias_id": null,
            "alcohol_volume": null,
            "tax_number": "321",
            "exporter_name": "abcd",
            "exporter_country": "AM",
            "owner_inn": null,
            "producer_inn": null,
            "is_required_certificate": true
          },
          {
            "gtin": "08501479170611",
            "good_name": "Молоко 3,2%",
            "brand_name": null,
            "is_required_vsd": null,
            "tnved_code": "0401201109",
            "certificate_type": null,
            "certificate_number": null,
            "certificate_date": null,
            "is_required_variable_weight": false,
            "variable_weight": 900.0,
            "exp_date_delta": null,
            "package_gtin": null,
            "product_group": "milk",
            "well_number": null,
            "licences": null,
            "kpp": null,
            "fias_id": null,
            "alcohol_volume": null,
            "tax_number": "321",
            "exporter_name": "abcd",
            "exporter_country": "AM",
            "owner_inn": "7731376812",
            "producer_inn": null,
            "is_required_certificate": true
          }
        ],
        "meta": {
          "total_count": 20
        }
      }

========================================================================
TEST: tests/integration/test_gtin_and_line.py::TestGTINManagement::test_filter_gtin_water
========================================================================

  ► POST  https://spp-dev.smartpack.world/api/web/v1/gtin/filter
    REQUEST BODY:
      {
        "limit": 10,
        "offset": 0,
        "product_group": "water"
      }
    RESPONSE STATUS: 200
    RESPONSE BODY:
      {
        "data": [
          {
            "gtin": "04600494009013",
            "good_name": "Вода Кроки",
            "brand_name": null,
            "is_required_vsd": false,
            "tnved_code": "2201101100",
            "certificate_type": 2,
            "certificate_number": "rt45ytgfe4t567uyjt",
            "certificate_date": "2023-01-25T03:00:00+00:00",
            "is_required_variable_weight": false,
            "variable_weight": null,
            "exp_date_delta": null,
            "package_gtin": null,
            "product_group": "water",
            "well_number": "123456789",
            "licences": {
              "licence_number": "1254АА443343",
              "licence_date": "2024-03-26T03:00:00+00:00"
            },
            "kpp": "770301001",
            "fias_id": "cf7e18f5-925c-4926-8e07-6a2d37116502",
            "alcohol_volume": null,
            "tax_number": "32132132",
            "exporter_name": "ООО \"Ованес\"",
            "exporter_country": "AM",
            "owner_inn": "7724211288",
            "producer_inn": "7724211288",
            "is_required_certificate": true
          },
          {
            "gtin": "04600433600622",
            "good_name": "Вода минеральная природная столовая питьевая Кубай негазированная",
            "brand_name": "Кубай",
            "is_required_vsd": null,
            "tnved_code": "2201101100",
            "certificate_type": null,
            "certificate_number": null,
            "certificate_date": null,
            "is_required_variable_weight": false,
            "variable_weight": 5000.0,
            "exp_date_delta": null,
            "package_gtin": null,
            "product_group": "water",
            "well_number": null,
            "licences": null,
            "kpp": null,
            "fias_id": null,
            "alcohol_volume": null,
            "tax_number": "321",
            "exporter_name": "abcd",
            "exporter_country": "AM",
            "owner_inn": null,
            "producer_inn": null,
            "is_required_certificate": true
          },
          {
            "gtin": "03456789873699",
            "good_name": "Экземпляр 1, вода Честный знак",
            "brand_name": "Честный Знак",
            "is_required_vsd": null,
            "tnved_code": "2201101900",
            "certificate_type": 1,
            "certificate_number": "документ№1",
            "certificate_date": "2022-11-30T03:00:00+00:00",
            "is_required_variable_weight": false,
            "variable_weight": 1000.0,
            "exp_date_delta": null,
            "package_gtin": null,
            "product_group": "water",
            "well_number": "9875555",
            "licences": {
              "licence_number": "8888811111",
              "licence_date": "2024-04-04T00:00:00+00:00"
            },
            "kpp": null,
            "fias_id": null,
            "alcohol_volume": null,
            "tax_number": "321",
            "exporter_name": "abcd",
            "exporter_country": "AM",
            "owner_inn": "7724211288",
            "producer_inn": "7731376812",
            "is_required_certificate": true
          },
          {
            "gtin": "04607980207724",
            "good_name": "Вода минеральная К",
            "brand_name": "Мой знак",
            "is_required_vsd": null,
            "tnved_code": "2201101100",
            "certificate_type": 1,
            "certificate_number": "iuhjkiy7hjkioujou8",
            "certificate_date": "2023-01-24T15:56:58.714000+00:00",
            "is_required_variable_weight": false,
            "variable_weight": 1000.0,
            "exp_date_delta": null,
            "package_gtin": null,
            "product_group": "water",
            "well_number": null,
            "licences": null,
            "kpp": null,
            "fias_id": null,
            "alcohol_volume": null,
            "tax_number": "32123424",
            "exporter_name": "abcd",
            "exporter_country": "AM",
            "owner_inn": "7731376812",
            "producer_inn": null,
            "is_required_certificate": true
          },
          {
            "gtin": "04607980207922",
            "good_name": "Вода минеральная",
            "brand_name": "вода минеральная газированная вкусная 1,5 л",
            "is_required_vsd": false,
            "tnved_code": "2201101100",
            "certificate_type": 1,
            "certificate_number": "12345",
            "certificate_date": "2023-09-01T03:00:00+00:00",
            "is_required_variable_weight": false,
            "variable_weight": 500000.0,
            "exp_date_delta": null,
            "package_gtin": [
              "04607980207900"
            ],
            "product_group": "water",
            "well_number": "567",
            "licences": {
              "licence_number": "АА32325232",
              "licence_date": "2024-01-01T00:00:00+00:00"
            },
            "kpp": null,
            "fias_id": null,
            "alcohol_volume": null,
            "tax_number": "321",
            "exporter_name": "abcd",
            "exporter_country": "AM",
            "owner_inn": "7731376812",
            "producer_inn": null,
            "is_required_certificate": true
          },
          {
            "gtin": "04647297654910",
            "good_name": "Вода",
            "brand_name": "тест бренд",
            "is_required_vsd": null,
            "tnved_code": "2201109000",
            "certificate_type": 2,
            "certificate_number": "ЕАЭС N RU Д-RU.РА01.В.50673/21",
            "certificate_date": "2023-01-25T07:00:00+00:00",
            "is_required_variable_weight": false,
            "variable_weight": 15000.0,
            "exp_date_delta": 365,
            "package_gtin": null,
            "product_group": "water",
            "well_number": "111",
            "licences": {
              "licence_number": "123ВВ12345111а",
              "licence_date": "2024-07-10T00:00:00+00:00"
            },
            "kpp": "132132135",
            "fias_id": null,
            "alcohol_volume": null,
            "tax_number": "321123124",
            "exporter_name": "abcdd",
            "exporter_country": "KZ",
            "owner_inn": "7731376812",
            "producer_inn": "7724211288",
            "is_required_certificate": false
          },
          {
            "gtin": "04669318392526",
            "good_name": "Честная вода",
            "brand_name": null,
            "is_required_vsd": false,
            "tnved_code": "2201101100",
            "certificate_type": 2,
            "certificate_number": "ЕАЭС N RU Д-RU.РА01.В.50673/21",
            "certificate_date": "2023-03-01T03:00:00+00:00",
            "is_required_variable_weight": false,
            "variable_weight": 500.0,
            "exp_date_delta": 365,
            "package_gtin": [
              "04669318392540"
            ],
            "product_group": "water",
            "well_number": "17",
            "licences": {
              "licence_number": "МОС06318ВЭ",
              "licence_date": "2024-01-01T03:00:00+00:00"
            },
            "kpp": null,
            "fias_id": null,
            "alcohol_volume": null,
            "tax_number": "32112343",
            "exporter_name": "Ромашка",
            "exporter_country": "BY",
            "owner_inn": "7731376812",
            "producer_inn": "7731376812",
            "is_required_certificate": true
          },
          {
            "gtin": "04647297654903",
            "good_name": "Вода",
            "brand_name": "тест бренд",
            "is_required_vsd": null,
            "tnved_code": "2201109000",
            "certificate_type": 1,
            "certificate_number": "huy7tghjbuy7trfghyjuiy78t6rf5",
            "certificate_date": "2023-01-25T03:00:00+00:00",
            "is_required_variable_weight": false,
            "variable_weight": 1500.0,
            "exp_date_delta": null,
            "package_gtin": null,
            "product_group": "water",
            "well_number": null,
            "licences": null,
            "kpp": null,
            "fias_id": null,
            "alcohol_volume": null,
            "tax_number": "321",
            "exporter_name": "abcd",
            "exporter_country": "AM",
            "owner_inn": "7731376812",
            "producer_inn": null,
            "is_required_certificate": true
          },
          {
            "gtin": "04810112010516",
            "good_name": "Тестовая питьевая Вода",
            "brand_name": null,
            "is_required_vsd": null,
            "tnved_code": "2201101900",
            "certificate_type": 2,
            "certificate_number": "ЕАЭС N RU Д-PL.РА06.В.66812/24",
            "certificate_date": "2024-08-01T00:00:00+00:00",
            "is_required_variable_weight": false,
            "variable_weight": 1000.0,
            "exp_date_delta": null,
            "package_gtin": null,
            "product_group": "water",
            "well_number": "1",
            "licences": {
              "licence_number": "МОС06318ВЭ",
              "licence_date": "2025-03-01T00:00:00+00:00"
            },
            "kpp": null,
            "fias_id": null,
            "alcohol_volume": null,
            "tax_number": "321",
            "exporter_name": "abcd",
            "exporter_country": "AM",
            "owner_inn": "7731376812",
            "producer_inn": null,
            "is_required_certificate": false
          },
          {
            "gtin": "04669318112526",
            "good_name": null,
            "brand_name": null,
            "is_required_vsd": null,
            "tnved_code": null,
            "certificate_type": null,
            "certificate_number": null,
            "certificate_date": null,
            "is_required_variable_weight": false,
            "variable_weight": null,
            "exp_date_delta": null,
            "package_gtin": null,
            "product_group": "water",
            "well_number": null,
            "licences": null,
            "kpp": null,
            "fias_id": null,
            "alcohol_volume": null,
            "tax_number": null,
            "exporter_name": null,
            "exporter_country": null,
            "owner_inn": null,
            "producer_inn": null,
            "is_required_certificate": true
          }
        ],
        "meta": {
          "total_count": 10
        }
      }

========================================================================
TEST: tests/integration/test_gtin_and_line.py::TestGTINManagement::test_filter_gtin_shoes
========================================================================

  ► POST  https://spp-dev.smartpack.world/api/web/v1/gtin/filter
    REQUEST BODY:
      {
        "limit": 10,
        "offset": 0,
        "product_group": "shoes"
      }
    RESPONSE STATUS: 200
    RESPONSE BODY:
      {
        "data": [
          {
            "gtin": "04640043463996",
            "good_name": "БОТИНКИ ARMACO",
            "brand_name": null,
            "is_required_vsd": null,
            "tnved_code": "6404110000",
            "certificate_type": 2,
            "certificate_number": "12345671",
            "certificate_date": "2022-10-06T03:00:00+00:00",
            "is_required_variable_weight": false,
            "variable_weight": 0.0,
            "exp_date_delta": 14,
            "package_gtin": null,
            "product_group": "shoes",
            "well_number": null,
            "licences": {
              "licence_number": "2222222",
              "licence_date": "2025-01-28T15:58:52.555000+00:00"
            },
            "kpp": "5555555555",
            "fias_id": "112233445566",
            "alcohol_volume": "40",
            "tax_number": "32132132",
            "exporter_name": "ООО \"Ованес\"",
            "exporter_country": "AM",
            "owner_inn": "7731376812",
            "producer_inn": null,
            "is_required_certificate": false
          },
          {
            "gtin": "04600494009211",
            "good_name": "Ботинки женские р.38",
            "brand_name": null,
            "is_required_vsd": null,
            "tnved_code": "6403511900",
            "certificate_type": 1,
            "certificate_number": "ЕАЭС RU С-RU.АЕ56.В.00019/19",
            "certificate_date": "2023-08-21T03:00:00+00:00",
            "is_required_variable_weight": false,
            "variable_weight": null,
            "exp_date_delta": null,
            "package_gtin": null,
            "product_group": "shoes",
            "well_number": null,
            "licences": null,
            "kpp": null,
            "fias_id": null,
            "alcohol_volume": null,
            "tax_number": "321",
            "exporter_name": "abcd",
            "exporter_country": "AM",
            "owner_inn": "7724211288",
            "producer_inn": null,
            "is_required_certificate": true
          },
          {
            "gtin": "08058646979039",
            "good_name": "КРОССОВКИ ARMACO",
            "brand_name": null,
            "is_required_vsd": null,
            "tnved_code": "6404110000",
            "certificate_type": 3,
            "certificate_number": "1221",
            "certificate_date": "2024-10-22T03:00:00+00:00",
            "is_required_variable_weight": false,
            "variable_weight": null,
            "exp_date_delta": null,
            "package_gtin": null,
            "product_group": "shoes",
            "well_number": null,
            "licences": null,
            "kpp": null,
            "fias_id": null,
            "alcohol_volume": null,
            "tax_number": "321",
            "exporter_name": "abcd",
            "exporter_country": "AM",
            "owner_inn": "7731376812",
            "producer_inn": null,
            "is_required_certificate": true
          },
          {
            "gtin": "12345678901239",
            "good_name": "Указание РД",
            "brand_name": null,
            "is_required_vsd": true,
            "tnved_code": null,
            "certificate_type": null,
            "certificate_number": null,
            "certificate_date": null,
            "is_required_variable_weight": false,
            "variable_weight": null,
            "exp_date_delta": null,
            "package_gtin": null,
            "product_group": "shoes",
            "well_number": null,
            "licences": null,
            "kpp": null,
            "fias_id": null,
            "alcohol_volume": null,
            "tax_number": null,
            "exporter_name": null,
            "exporter_country": null,
            "owner_inn": null,
            "producer_inn": null,
            "is_required_certificate": true
          }
        ],
        "meta": {
          "total_count": 4
        }
      }

========================================================================
TEST: tests/integration/test_gtin_and_line.py::TestGTINManagement::test_filter_gtin_all_known_groups
========================================================================

  ► POST  https://spp-dev.smartpack.world/api/web/v1/gtin/filter
    REQUEST BODY:
      {
        "limit": 1,
        "offset": 0,
        "product_group": "milk"
      }
    RESPONSE STATUS: 200
    RESPONSE BODY:
      {
        "data": [
          {
            "gtin": "04600494009044",
            "good_name": "Мороженка Тест",
            "brand_name": "Коровка из Кореновки",
            "is_required_vsd": true,
            "tnved_code": "2105000000",
            "certificate_type": 1,
            "certificate_number": "ЕАЭС RU С-CN.АМ04.В.00391/19",
            "certificate_date": "2022-11-21T03:00:00+00:00",
            "is_required_variable_weight": false,
            "variable_weight": 100.0,
            "exp_date_delta": 12,
            "package_gtin": null,
            "product_group": "milk",
            "well_number": "6666666666666666666",
            "licences": {
              "licence_number": "3131313131313131313131",
              "licence_date": "2024-03-21T00:00:00+00:00"
            },
            "kpp": null,
            "fias_id": null,
            "alcohol_volume": null,
            "tax_number": "32132133",
            "exporter_name": "ООО \"Экспортер\"",
            "exporter_country": "AM",
            "owner_inn": "7724211288",
            "producer_inn": "444444444444",
            "is_required_certificate": true
          }
        ],
        "meta": {
          "total_count": 20
        }
      }

  ► POST  https://spp-dev.smartpack.world/api/web/v1/gtin/filter
    REQUEST BODY:
      {
        "limit": 1,
        "offset": 0,
        "product_group": "water"
      }
    RESPONSE STATUS: 200
    RESPONSE BODY:
      {
        "data": [
          {
            "gtin": "04600494009013",
            "good_name": "Вода Кроки",
            "brand_name": null,
            "is_required_vsd": false,
            "tnved_code": "2201101100",
            "certificate_type": 2,
            "certificate_number": "rt45ytgfe4t567uyjt",
            "certificate_date": "2023-01-25T03:00:00+00:00",
            "is_required_variable_weight": false,
            "variable_weight": null,
            "exp_date_delta": null,
            "package_gtin": null,
            "product_group": "water",
            "well_number": "123456789",
            "licences": {
              "licence_number": "1254АА443343",
              "licence_date": "2024-03-26T03:00:00+00:00"
            },
            "kpp": "770301001",
            "fias_id": "cf7e18f5-925c-4926-8e07-6a2d37116502",
            "alcohol_volume": null,
            "tax_number": "32132132",
            "exporter_name": "ООО \"Ованес\"",
            "exporter_country": "AM",
            "owner_inn": "7724211288",
            "producer_inn": "7724211288",
            "is_required_certificate": true
          }
        ],
        "meta": {
          "total_count": 10
        }
      }

  ► POST  https://spp-dev.smartpack.world/api/web/v1/gtin/filter
    REQUEST BODY:
      {
        "limit": 1,
        "offset": 0,
        "product_group": "shoes"
      }
    RESPONSE STATUS: 200
    RESPONSE BODY:
      {
        "data": [
          {
            "gtin": "04640043463996",
            "good_name": "БОТИНКИ ARMACO",
            "brand_name": null,
            "is_required_vsd": null,
            "tnved_code": "6404110000",
            "certificate_type": 2,
            "certificate_number": "12345671",
            "certificate_date": "2022-10-06T03:00:00+00:00",
            "is_required_variable_weight": false,
            "variable_weight": 0.0,
            "exp_date_delta": 14,
            "package_gtin": null,
            "product_group": "shoes",
            "well_number": null,
            "licences": {
              "licence_number": "2222222",
              "licence_date": "2025-01-28T15:58:52.555000+00:00"
            },
            "kpp": "5555555555",
            "fias_id": "112233445566",
            "alcohol_volume": "40",
            "tax_number": "32132132",
            "exporter_name": "ООО \"Ованес\"",
            "exporter_country": "AM",
            "owner_inn": "7731376812",
            "producer_inn": null,
            "is_required_certificate": false
          }
        ],
        "meta": {
          "total_count": 4
        }
      }

  ► POST  https://spp-dev.smartpack.world/api/web/v1/gtin/filter
    REQUEST BODY:
      {
        "limit": 1,
        "offset": 0,
        "product_group": "antiseptic"
      }
    RESPONSE STATUS: 200
    RESPONSE BODY:
      {
        "data": [
          {
            "gtin": "04607980207656",
            "good_name": "Гель антисептический",
            "brand_name": "нет",
            "is_required_vsd": null,
            "tnved_code": "3808949000",
            "certificate_type": 2,
            "certificate_number": "123456",
            "certificate_date": "2023-09-19T03:00:00+00:00",
            "is_required_variable_weight": false,
            "variable_weight": null,
            "exp_date_delta": null,
            "package_gtin": [
              "001"
            ],
            "product_group": "antiseptic",
            "well_number": null,
            "licences": null,
            "kpp": null,
            "fias_id": null,
            "alcohol_volume": null,
            "tax_number": "321",
            "exporter_name": "abcd",
            "exporter_country": "AM",
            "owner_inn": "7731376812",
            "producer_inn": null,
            "is_required_certificate": true
          }
        ],
        "meta": {
          "total_count": 7
        }
      }

  ► POST  https://spp-dev.smartpack.world/api/web/v1/gtin/filter
    REQUEST BODY:
      {
        "limit": 1,
        "offset": 0,
        "product_group": "bio"
      }
    RESPONSE STATUS: 200
    RESPONSE BODY:
      {
        "data": [
          {
            "gtin": "04647297654873",
            "good_name": "Витаминки",
            "brand_name": "Тестй",
            "is_required_vsd": null,
            "tnved_code": "2936290009",
            "certificate_type": 1,
            "certificate_number": "number doc",
            "certificate_date": "2022-11-17T06:00:00+00:00",
            "is_required_variable_weight": false,
            "variable_weight": 5.0,
            "exp_date_delta": null,
            "package_gtin": null,
            "product_group": "bio",
            "well_number": null,
            "licences": null,
            "kpp": null,
            "fias_id": null,
            "alcohol_volume": null,
            "tax_number": "321",
            "exporter_name": "abcd",
            "exporter_country": "AM",
            "owner_inn": "7731376812",
            "producer_inn": null,
            "is_required_certificate": false
          }
        ],
        "meta": {
          "total_count": 9
        }
      }

  ► POST  https://spp-dev.smartpack.world/api/web/v1/gtin/filter
    REQUEST BODY:
      {
        "limit": 1,
        "offset": 0,
        "product_group": "lp"
      }
    RESPONSE STATUS: 200
    RESPONSE BODY:
      {
        "data": [
          {
            "gtin": "04640043461343",
            "good_name": "Полотенце Элиза коричневый 40*60",
            "brand_name": "600534",
            "is_required_vsd": null,
            "tnved_code": null,
            "certificate_type": 1,
            "certificate_number": "32324234",
            "certificate_date": "2022-01-01T03:00:00+00:00",
            "is_required_variable_weight": false,
            "variable_weight": null,
            "exp_date_delta": null,
            "package_gtin": null,
            "product_group": "lp",
            "well_number": null,
            "licences": null,
            "kpp": null,
            "fias_id": null,
            "alcohol_volume": null,
            "tax_number": "321",
            "exporter_name": "abcd",
            "exporter_country": "AM",
            "owner_inn": "7731376812",
            "producer_inn": null,
            "is_required_certificate": true
          }
        ],
        "meta": {
          "total_count": 13
        }
      }

  ► POST  https://spp-dev.smartpack.world/api/web/v1/gtin/filter
    REQUEST BODY:
      {
        "limit": 1,
        "offset": 0,
        "product_group": "perfumery"
      }
    RESPONSE STATUS: 200
    RESPONSE BODY:
      {
        "data": [
          {
            "gtin": "04607980207113",
            "good_name": "TRUSSARDI PARFUMS / TRUSSARDI UOMO THE RED men (тестер) 100 мл туалетная вода",
            "brand_name": "TRUSSARDI",
            "is_required_vsd": null,
            "tnved_code": "3303000000",
            "certificate_type": 1,
            "certificate_number": "12345",
            "certificate_date": "2022-11-16T03:00:00+00:00",
            "is_required_variable_weight": false,
            "variable_weight": 100.0,
            "exp_date_delta": null,
            "package_gtin": null,
            "product_group": "perfumery",
            "well_number": null,
            "licences": null,
            "kpp": null,
            "fias_id": null,
            "alcohol_volume": null,
            "tax_number": "321",
            "exporter_name": "abcd",
            "exporter_country": "AM",
            "owner_inn": "7731376812",
            "producer_inn": null,
            "is_required_certificate": true
          }
        ],
        "meta": {
          "total_count": 8
        }
      }

  ► POST  https://spp-dev.smartpack.world/api/web/v1/gtin/filter
    REQUEST BODY:
      {
        "limit": 1,
        "offset": 0,
        "product_group": "beer"
      }
    RESPONSE STATUS: 200
    RESPONSE BODY:
      {
        "data": [
          {
            "gtin": "04632064327432",
            "good_name": "ПИВО МАРКА № 1 (ДТ ТЕСТ)",
            "brand_name": null,
            "is_required_vsd": null,
            "tnved_code": "2203000100",
            "certificate_type": 2,
            "certificate_number": "декларация 1",
            "certificate_date": "2023-12-01T03:00:00+00:00",
            "is_required_variable_weight": false,
            "variable_weight": 700.0,
            "exp_date_delta": null,
            "package_gtin": null,
            "product_group": "beer",
            "well_number": null,
            "licences": null,
            "kpp": null,
            "fias_id": null,
            "alcohol_volume": null,
            "tax_number": "321",
            "exporter_name": "abcd",
            "exporter_country": "AM",
            "owner_inn": "7731376812",
            "producer_inn": null,
            "is_required_certificate": true
          }
        ],
        "meta": {
          "total_count": 5
        }
      }

  ► POST  https://spp-dev.smartpack.world/api/web/v1/gtin/filter
    REQUEST BODY:
      {
        "limit": 1,
        "offset": 0,
        "product_group": "nabeer"
      }
    RESPONSE STATUS: 200
    RESPONSE BODY:
      {
        "data": [
          {
            "gtin": "04870216760007",
            "good_name": "Безалкогольное пиво Ригла",
            "brand_name": null,
            "is_required_vsd": null,
            "tnved_code": "2202910000",
            "certificate_type": 1,
            "certificate_number": "123",
            "certificate_date": "2024-02-29T16:09:37.985000+00:00",
            "is_required_variable_weight": false,
            "variable_weight": 1000.0,
            "exp_date_delta": null,
            "package_gtin": null,
            "product_group": "nabeer",
            "well_number": null,
            "licences": null,
            "kpp": null,
            "fias_id": null,
            "alcohol_volume": null,
            "tax_number": "321",
            "exporter_name": "abcd",
            "exporter_country": "AM",
            "owner_inn": "7724211288",
            "producer_inn": null,
            "is_required_certificate": true
          }
        ],
        "meta": {
          "total_count": 3
        }
      }

  ► POST  https://spp-dev.smartpack.world/api/web/v1/gtin/filter
    REQUEST BODY:
      {
        "limit": 1,
        "offset": 0,
        "product_group": "softdrinks"
      }
    RESPONSE STATUS: 200
    RESPONSE BODY:
      {
        "data": [
          {
            "gtin": "04619582369274",
            "good_name": "Сок яблоко",
            "brand_name": null,
            "is_required_vsd": null,
            "tnved_code": "2202991800",
            "certificate_type": 1,
            "certificate_number": "123РФ12w12",
            "certificate_date": "2023-08-01T03:00:00+00:00",
            "is_required_variable_weight": false,
            "variable_weight": 4000.0,
            "exp_date_delta": null,
            "package_gtin": null,
            "product_group": "softdrinks",
            "well_number": null,
            "licences": null,
            "kpp": null,
            "fias_id": null,
            "alcohol_volume": null,
            "tax_number": "321",
            "exporter_name": "abcd",
            "exporter_country": "AM",
            "owner_inn": "7731376812",
            "producer_inn": null,
            "is_required_certificate": true
          }
        ],
        "meta": {
          "total_count": 5
        }
      }

  ► POST  https://spp-dev.smartpack.world/api/web/v1/gtin/filter
    REQUEST BODY:
      {
        "limit": 1,
        "offset": 0,
        "product_group": "meat"
      }
    RESPONSE STATUS: 200
    RESPONSE BODY:
      {
        "data": [
          {
            "gtin": "03691422358694",
            "good_name": "Буженина с переменным и фиксированным весом",
            "brand_name": null,
            "is_required_vsd": null,
            "tnved_code": "0210129000",
            "certificate_type": 2,
            "certificate_number": "ЕАЭС N RU Д-RU.РА08.В.82296/23",
            "certificate_date": "2023-10-18T00:00:00+00:00",
            "is_required_variable_weight": false,
            "variable_weight": 1500.0,
            "exp_date_delta": null,
            "package_gtin": null,
            "product_group": "meat",
            "well_number": null,
            "licences": null,
            "kpp": null,
            "fias_id": null,
            "alcohol_volume": null,
            "tax_number": null,
            "exporter_name": null,
            "exporter_country": null,
            "owner_inn": "7731376812",
            "producer_inn": null,
            "is_required_certificate": null
          }
        ],
        "meta": {
          "total_count": 1
        }
      }

  ► POST  https://spp-dev.smartpack.world/api/web/v1/gtin/filter
    REQUEST BODY:
      {
        "limit": 1,
        "offset": 0,
        "product_group": "seafood"
      }
    RESPONSE STATUS: 200
    RESPONSE BODY:
      {
        "data": [
          {
            "gtin": "04549957535525",
            "good_name": "Печень трески по - мурмански",
            "brand_name": null,
            "is_required_vsd": null,
            "tnved_code": "0303919000",
            "certificate_type": 2,
            "certificate_number": "ЕАЭС N RU Д-RU.РА08.В.50415/24",
            "certificate_date": "2024-09-18T00:00:00+00:00",
            "is_required_variable_weight": false,
            "variable_weight": 110.0,
            "exp_date_delta": null,
            "package_gtin": null,
            "product_group": "seafood",
            "well_number": null,
            "licences": null,
            "kpp": null,
            "fias_id": null,
            "alcohol_volume": null,
            "tax_number": "321",
            "exporter_name": "abcd",
            "exporter_country": "AM",
            "owner_inn": "7731376812",
            "producer_inn": null,
            "is_required_certificate": true
          }
        ],
        "meta": {
          "total_count": 4
        }
      }

  ► POST  https://spp-dev.smartpack.world/api/web/v1/gtin/filter
    REQUEST BODY:
      {
        "limit": 1,
        "offset": 0,
        "product_group": "conserve"
      }
    RESPONSE STATUS: 200
    RESPONSE BODY:
      {
        "data": [
          {
            "gtin": "07862106441988",
            "good_name": "Креветка из Эквадора",
            "brand_name": null,
            "is_required_vsd": null,
            "tnved_code": "1605211000",
            "certificate_type": 1,
            "certificate_number": "123231232131245543",
            "certificate_date": "2024-06-24T12:00:00+00:00",
            "is_required_variable_weight": false,
            "variable_weight": 200.0,
            "exp_date_delta": null,
            "package_gtin": null,
            "product_group": "conserve",
            "well_number": null,
            "licences": null,
            "kpp": null,
            "fias_id": null,
            "alcohol_volume": null,
            "tax_number": "321",
            "exporter_name": "abcd",
            "exporter_country": "AM",
            "owner_inn": "7724211288",
            "producer_inn": null,
            "is_required_certificate": true
          }
        ],
        "meta": {
          "total_count": 4
        }
      }

  ► POST  https://spp-dev.smartpack.world/api/web/v1/gtin/filter
    REQUEST BODY:
      {
        "limit": 1,
        "offset": 0,
        "product_group": "grocery"
      }
    RESPONSE STATUS: 200
    RESPONSE BODY:
      {
        "data": [
          {
            "gtin": "04649002935154",
            "good_name": "1-ая тестовая бакалея",
            "brand_name": null,
            "is_required_vsd": null,
            "tnved_code": "1905905500",
            "certificate_type": 2,
            "certificate_number": "ЕАЭС N RU Д-RU.РА01.В.50673/21",
            "certificate_date": "2024-09-06T04:00:00+00:00",
            "is_required_variable_weight": false,
            "variable_weight": null,
            "exp_date_delta": null,
            "package_gtin": null,
            "product_group": "grocery",
            "well_number": null,
            "licences": null,
            "kpp": null,
            "fias_id": null,
            "alcohol_volume": null,
            "tax_number": "321",
            "exporter_name": "abcd",
            "exporter_country": "AM",
            "owner_inn": "7731376812",
            "producer_inn": null,
            "is_required_certificate": true
          }
        ],
        "meta": {
          "total_count": 1
        }
      }

  ► POST  https://spp-dev.smartpack.world/api/web/v1/gtin/filter
    REQUEST BODY:
      {
        "limit": 1,
        "offset": 0,
        "product_group": "vetpharma"
      }
    RESPONSE STATUS: 200
    RESPONSE BODY:
      {
        "data": [
          {
            "gtin": "00634479480379",
            "good_name": "Ветеринарный препарат Ригла",
            "brand_name": null,
            "is_required_vsd": null,
            "tnved_code": "3002420000",
            "certificate_type": null,
            "certificate_number": null,
            "certificate_date": null,
            "is_required_variable_weight": false,
            "variable_weight": null,
            "exp_date_delta": null,
            "package_gtin": null,
            "product_group": "vetpharma",
            "well_number": null,
            "licences": null,
            "kpp": null,
            "fias_id": null,
            "alcohol_volume": null,
            "tax_number": "321",
            "exporter_name": "abcd",
            "exporter_country": "AM",
            "owner_inn": "7724211288",
            "producer_inn": null,
            "is_required_certificate": false
          }
        ],
        "meta": {
          "total_count": 3
        }
      }

  ► POST  https://spp-dev.smartpack.world/api/web/v1/gtin/filter
    REQUEST BODY:
      {
        "limit": 1,
        "offset": 0,
        "product_group": "toys"
      }
    RESPONSE STATUS: 200
    RESPONSE BODY:
      {
        "data": [
          {
            "gtin": "04640043460667",
            "good_name": "45345",
            "brand_name": null,
            "is_required_vsd": null,
            "tnved_code": "9503002100",
            "certificate_type": 2,
            "certificate_number": "ЕАЭС N RU Д-RU.РА01.В.50673/21",
            "certificate_date": "2024-07-03T06:00:00+00:00",
            "is_required_variable_weight": false,
            "variable_weight": null,
            "exp_date_delta": null,
            "package_gtin": null,
            "product_group": "toys",
            "well_number": null,
            "licences": null,
            "kpp": null,
            "fias_id": null,
            "alcohol_volume": null,
            "tax_number": "321",
            "exporter_name": "abcd",
            "exporter_country": "AM",
            "owner_inn": "7731376812",
            "producer_inn": null,
            "is_required_certificate": true
          }
        ],
        "meta": {
          "total_count": 7
        }
      }

  ► POST  https://spp-dev.smartpack.world/api/web/v1/gtin/filter
    REQUEST BODY:
      {
        "limit": 1,
        "offset": 0,
        "product_group": "homeware"
      }
    RESPONSE STATUS: 200
    RESPONSE BODY:
      {
        "data": [
          {
            "gtin": "03651541671289",
            "good_name": "Доска для нарезки 130 см",
            "brand_name": null,
            "is_required_vsd": false,
            "tnved_code": "4419110000",
            "certificate_type": null,
            "certificate_number": null,
            "certificate_date": null,
            "is_required_variable_weight": false,
            "variable_weight": null,
            "exp_date_delta": null,
            "package_gtin": null,
            "product_group": "homeware",
            "well_number": null,
            "licences": null,
            "kpp": null,
            "fias_id": null,
            "alcohol_volume": null,
            "tax_number": null,
            "exporter_name": null,
            "exporter_country": null,
            "owner_inn": "7731376812",
            "producer_inn": null,
            "is_required_certificate": false
          }
        ],
        "meta": {
          "total_count": 1
        }
      }

  ► POST  https://spp-dev.smartpack.world/api/web/v1/gtin/filter
    REQUEST BODY:
      {
        "limit": 1,
        "offset": 0,
        "product_group": "chemistry"
      }
    RESPONSE STATUS: 200
    RESPONSE BODY:
      {
        "data": [
          {
            "gtin": "04857624963725",
            "good_name": "Средство для мытья посуды",
            "brand_name": null,
            "is_required_vsd": null,
            "tnved_code": "3402500000",
            "certificate_type": 2,
            "certificate_number": "RU Д-RU.РА01.В.04525/23",
            "certificate_date": "2024-04-01T04:00:00+00:00",
            "is_required_variable_weight": false,
            "variable_weight": null,
            "exp_date_delta": null,
            "package_gtin": null,
            "product_group": "chemistry",
            "well_number": null,
            "licences": null,
            "kpp": null,
            "fias_id": null,
            "alcohol_volume": null,
            "tax_number": "321",
            "exporter_name": "abcd",
            "exporter_country": "AM",
            "owner_inn": "7731376812",
            "producer_inn": "7724211288",
            "is_required_certificate": false
          }
        ],
        "meta": {
          "total_count": 8
        }
      }

  ► POST  https://spp-dev.smartpack.world/api/web/v1/gtin/filter
    REQUEST BODY:
      {
        "limit": 1,
        "offset": 0,
        "product_group": "construction"
      }
    RESPONSE STATUS: 200
    RESPONSE BODY:
      {
        "data": [
          {
            "gtin": "05900089617029",
            "good_name": "Смесь сухая строительная клеевая C1 TE ветонит комфорт пауэр фикс (vetonit comfort power fix)",
            "brand_name": null,
            "is_required_vsd": null,
            "tnved_code": "3214900009",
            "certificate_type": 2,
            "certificate_number": "РОСС RU Д-RU.РА01.В.04525/23",
            "certificate_date": "2023-02-13T00:00:00+00:00",
            "is_required_variable_weight": false,
            "variable_weight": null,
            "exp_date_delta": null,
            "package_gtin": null,
            "product_group": "construction",
            "well_number": null,
            "licences": null,
            "kpp": "121212121",
            "fias_id": null,
            "alcohol_volume": null,
            "tax_number": "321",
            "exporter_name": "abcd",
            "exporter_country": "AM",
            "owner_inn": "7731376812",
            "producer_inn": null,
            "is_required_certificate": true
          }
        ],
        "meta": {
          "total_count": 4
        }
      }

  ► POST  https://spp-dev.smartpack.world/api/web/v1/gtin/filter
    REQUEST BODY:
      {
        "limit": 1,
        "offset": 0,
        "product_group": "fertilizers"
      }
    RESPONSE STATUS: 200
    RESPONSE BODY:
      {
        "data": [
          {
            "gtin": "01368401095742",
            "good_name": "Удобрение осеннее универсальное",
            "brand_name": null,
            "is_required_vsd": false,
            "tnved_code": "3105100000",
            "certificate_type": null,
            "certificate_number": null,
            "certificate_date": null,
            "is_required_variable_weight": false,
            "variable_weight": null,
            "exp_date_delta": null,
            "package_gtin": null,
            "product_group": "fertilizers",
            "well_number": null,
            "licences": null,
            "kpp": null,
            "fias_id": null,
            "alcohol_volume": null,
            "tax_number": null,
            "exporter_name": null,
            "exporter_country": null,
            "owner_inn": "7731376812",
            "producer_inn": null,
            "is_required_certificate": false
          }
        ],
        "meta": {
          "total_count": 1
        }
      }

  ► POST  https://spp-dev.smartpack.world/api/web/v1/gtin/filter
    REQUEST BODY:
      {
        "limit": 1,
        "offset": 0,
        "product_group": "fire"
      }
    RESPONSE STATUS: 200
    RESPONSE BODY:
      {
        "data": [
          {
            "gtin": "03200000004160",
            "good_name": "Фейерверки Слава",
            "brand_name": null,
            "is_required_vsd": null,
            "tnved_code": "3604100000",
            "certificate_type": 2,
            "certificate_number": "ЕАЭС N RU Д-RU.РА01.В.50673/21",
            "certificate_date": "2025-06-05T03:00:00+00:00",
            "is_required_variable_weight": false,
            "variable_weight": null,
            "exp_date_delta": null,
            "package_gtin": null,
            "product_group": "fire",
            "well_number": null,
            "licences": null,
            "kpp": null,
            "fias_id": null,
            "alcohol_volume": null,
            "tax_number": "321",
            "exporter_name": "abcd",
            "exporter_country": "AM",
            "owner_inn": "7731376812",
            "producer_inn": null,
            "is_required_certificate": true
          }
        ],
        "meta": {
          "total_count": 1
        }
      }

  ► POST  https://spp-dev.smartpack.world/api/web/v1/gtin/filter
    REQUEST BODY:
      {
        "limit": 1,
        "offset": 0,
        "product_group": "vegetableoil"
      }
    RESPONSE STATUS: 200
    RESPONSE BODY:
      {
        "data": [],
        "meta": {
          "total_count": 0
        }
      }

  ► POST  https://spp-dev.smartpack.world/api/web/v1/gtin/filter
    REQUEST BODY:
      {
        "limit": 1,
        "offset": 0,
        "product_group": "petfood"
      }
    RESPONSE STATUS: 200
    RESPONSE BODY:
      {
        "data": [
          {
            "gtin": "05404009515759",
            "good_name": "Грандорф Turkey Adult Sterilized",
            "brand_name": null,
            "is_required_vsd": null,
            "tnved_code": "2309101100",
            "certificate_type": 1,
            "certificate_number": "123231232131245543",
            "certificate_date": "2024-06-24T12:00:00+00:00",
            "is_required_variable_weight": false,
            "variable_weight": 500.0,
            "exp_date_delta": null,
            "package_gtin": null,
            "product_group": "petfood",
            "well_number": null,
            "licences": null,
            "kpp": null,
            "fias_id": null,
            "alcohol_volume": null,
            "tax_number": "321",
            "exporter_name": "abcd",
            "exporter_country": "AM",
            "owner_inn": "7724211288",
            "producer_inn": null,
            "is_required_certificate": true
          }
        ],
        "meta": {
          "total_count": 2
        }
      }

  ► POST  https://spp-dev.smartpack.world/api/web/v1/gtin/filter
    REQUEST BODY:
      {
        "limit": 1,
        "offset": 0,
        "product_group": "books"
      }
    RESPONSE STATUS: 200
    RESPONSE BODY:
      {
        "data": [
          {
            "gtin": "04640044990705",
            "good_name": "Азбука 1 класс",
            "brand_name": null,
            "is_required_vsd": null,
            "tnved_code": "4901990000",
            "certificate_type": 1,
            "certificate_number": "ЕАЭС N RU Д-RU.РА01.В.50673/21",
            "certificate_date": "2025-08-07T03:00:00+00:00",
            "is_required_variable_weight": false,
            "variable_weight": null,
            "exp_date_delta": null,
            "package_gtin": null,
            "product_group": "books",
            "well_number": null,
            "licences": null,
            "kpp": null,
            "fias_id": null,
            "alcohol_volume": null,
            "tax_number": "321",
            "exporter_name": "abcd",
            "exporter_country": "AM",
            "owner_inn": "7731376812",
            "producer_inn": null,
            "is_required_certificate": true
          }
        ],
        "meta": {
          "total_count": 2
        }
      }

  ► POST  https://spp-dev.smartpack.world/api/web/v1/gtin/filter
    REQUEST BODY:
      {
        "limit": 1,
        "offset": 0,
        "product_group": "radio"
      }
    RESPONSE STATUS: 200
    RESPONSE BODY:
      {
        "data": [
          {
            "gtin": "08050500209580",
            "good_name": "КНИГА ЭЛЕКТРОННАЯ",
            "brand_name": null,
            "is_required_vsd": null,
            "tnved_code": "8471300000",
            "certificate_type": 2,
            "certificate_number": "ЕАЭС N RU Д-CN.РА04.В.15252/24",
            "certificate_date": "2023-07-05T04:00:00+00:00",
            "is_required_variable_weight": false,
            "variable_weight": null,
            "exp_date_delta": null,
            "package_gtin": null,
            "product_group": "radio",
            "well_number": null,
            "licences": null,
            "kpp": null,
            "fias_id": null,
            "alcohol_volume": null,
            "tax_number": "321",
            "exporter_name": "abcd",
            "exporter_country": "AM",
            "owner_inn": "7731376812",
            "producer_inn": null,
            "is_required_certificate": true
          }
        ],
        "meta": {
          "total_count": 1
        }
      }

  ► POST  https://spp-dev.smartpack.world/api/web/v1/gtin/filter
    REQUEST BODY:
      {
        "limit": 1,
        "offset": 0,
        "product_group": "autofluids"
      }
    RESPONSE STATUS: 200
    RESPONSE BODY:
      {
        "data": [
          {
            "gtin": "04704319506357",
            "good_name": "Масло моторное",
            "brand_name": null,
            "is_required_vsd": null,
            "tnved_code": "2710198200",
            "certificate_type": 2,
            "certificate_number": "ЕАЭС N RU Д-CN.РА04.В.15252/24",
            "certificate_date": "2023-07-05T03:00:00+00:00",
            "is_required_variable_weight": false,
            "variable_weight": null,
            "exp_date_delta": null,
            "package_gtin": null,
            "product_group": "autofluids",
            "well_number": null,
            "licences": null,
            "kpp": "123123",
            "fias_id": "123123",
            "alcohol_volume": null,
            "tax_number": "321123213",
            "exporter_name": "abcd",
            "exporter_country": "AM",
            "owner_inn": "7731376812",
            "producer_inn": null,
            "is_required_certificate": true
          }
        ],
        "meta": {
          "total_count": 3
        }
      }

  ► POST  https://spp-dev.smartpack.world/api/web/v1/gtin/filter
    REQUEST BODY:
      {
        "limit": 1,
        "offset": 0,
        "product_group": "carparts"
      }
    RESPONSE STATUS: 200
    RESPONSE BODY:
      {
        "data": [
          {
            "gtin": "04549957467994",
            "good_name": "Свеча зажигания",
            "brand_name": null,
            "is_required_vsd": null,
            "tnved_code": "8511100009",
            "certificate_type": 2,
            "certificate_number": "ЕАЭС N RU Д-PL.РА06.В.66812/24",
            "certificate_date": "2024-08-01T00:00:00+00:00",
            "is_required_variable_weight": false,
            "variable_weight": null,
            "exp_date_delta": null,
            "package_gtin": null,
            "product_group": "carparts",
            "well_number": null,
            "licences": null,
            "kpp": null,
            "fias_id": null,
            "alcohol_volume": null,
            "tax_number": "321",
            "exporter_name": "abcd",
            "exporter_country": "AM",
            "owner_inn": "7731376812",
            "producer_inn": null,
            "is_required_certificate": true
          }
        ],
        "meta": {
          "total_count": 1
        }
      }

  ► POST  https://spp-dev.smartpack.world/api/web/v1/gtin/filter
    REQUEST BODY:
      {
        "limit": 1,
        "offset": 0,
        "product_group": "bicycle"
      }
    RESPONSE STATUS: 200
    RESPONSE BODY:
      {
        "data": [
          {
            "gtin": "03574660482799",
            "good_name": "Велосипед",
            "brand_name": null,
            "is_required_vsd": null,
            "tnved_code": "8712003000",
            "certificate_type": 2,
            "certificate_number": "RU Д-BY.РА01.В.01252/23",
            "certificate_date": "2023-08-01T00:00:00+00:00",
            "is_required_variable_weight": false,
            "variable_weight": null,
            "exp_date_delta": null,
            "package_gtin": null,
            "product_group": "bicycle",
            "well_number": null,
            "licences": null,
            "kpp": null,
            "fias_id": null,
            "alcohol_volume": null,
            "tax_number": null,
            "exporter_name": null,
            "exporter_country": null,
            "owner_inn": "7731376812",
            "producer_inn": null,
            "is_required_certificate": true
          }
        ],
        "meta": {
          "total_count": 2
        }
      }

  ► POST  https://spp-dev.smartpack.world/api/web/v1/gtin/filter
    REQUEST BODY:
      {
        "limit": 1,
        "offset": 0,
        "product_group": "wheelchairs"
      }
    RESPONSE STATUS: 200
    RESPONSE BODY:
      {
        "data": [
          {
            "gtin": "04648349498179",
            "good_name": "Томограф тест2",
            "brand_name": null,
            "is_required_vsd": null,
            "tnved_code": "9022120000",
            "certificate_type": 1,
            "certificate_number": "2",
            "certificate_date": "2023-03-13T03:00:00+00:00",
            "is_required_variable_weight": false,
            "variable_weight": null,
            "exp_date_delta": null,
            "package_gtin": null,
            "product_group": "wheelchairs",
            "well_number": null,
            "licences": null,
            "kpp": null,
            "fias_id": null,
            "alcohol_volume": null,
            "tax_number": "321",
            "exporter_name": "abcd",
            "exporter_country": "AM",
            "owner_inn": "7731376812",
            "producer_inn": null,
            "is_required_certificate": true
          }
        ],
        "meta": {
          "total_count": 1
        }
      }

========================================================================
TEST: tests/integration/test_gtin_and_line.py::TestGTINManagement::test_add_existing_gtin
========================================================================

  ► POST  https://spp-dev.smartpack.world/api/web/v1/gtin/add_many
    REQUEST BODY:
      {
        "data": [
          {
            "gtin": "04600494009044",
            "product_group": "milk"
          }
        ]
      }
    RESPONSE STATUS: 400
    RESPONSE BODY:
      {
        "errors": [
          {
            "order": 503,
            "description": "GTIN 04600494009044 уже есть в справочнике"
          }
        ]
      }

========================================================================
TEST: tests/integration/test_gtin_and_line.py::TestGTINManagement::test_edit_gtin_milk
========================================================================

  ► POST  https://spp-dev.smartpack.world/api/web/v1/gtin/edit
    REQUEST BODY:
      {
        "gtin": "04600494009044",
        "good_name": "Мороженка Тест"
      }
    RESPONSE STATUS: 200
    RESPONSE BODY:
      {
        "data": true
      }

========================================================================
TEST: tests/integration/test_gtin_and_line.py::TestGTINManagement::test_filter_gtin_by_gtin_value
========================================================================

  ► POST  https://spp-dev.smartpack.world/api/web/v1/gtin/filter
    REQUEST BODY:
      {
        "limit": 5,
        "offset": 0,
        "gtin": "04600494009044"
      }
    RESPONSE STATUS: 200
    RESPONSE BODY:
      {
        "data": [
          {
            "gtin": "04600494009044",
            "good_name": "Мороженка Тест",
            "brand_name": "Коровка из Кореновки",
            "is_required_vsd": true,
            "tnved_code": "2105000000",
            "certificate_type": 1,
            "certificate_number": "ЕАЭС RU С-CN.АМ04.В.00391/19",
            "certificate_date": "2022-11-21T03:00:00+00:00",
            "is_required_variable_weight": false,
            "variable_weight": 100.0,
            "exp_date_delta": 12,
            "package_gtin": null,
            "product_group": "milk",
            "well_number": "6666666666666666666",
            "licences": {
              "licence_number": "3131313131313131313131",
              "licence_date": "2024-03-21T00:00:00+00:00"
            },
            "kpp": null,
            "fias_id": null,
            "alcohol_volume": null,
            "tax_number": "32132133",
            "exporter_name": "ООО \"Экспортер\"",
            "exporter_country": "AM",
            "owner_inn": "7724211288",
            "producer_inn": "444444444444",
            "is_required_certificate": true
          }
        ],
        "meta": {
          "total_count": 1
        }
      }

========================================================================
TEST: tests/integration/test_gtin_and_line.py::TestGTINManagement::test_filter_gtin_pagination
========================================================================

  ► POST  https://spp-dev.smartpack.world/api/web/v1/gtin/filter
    REQUEST BODY:
      {
        "limit": 5,
        "offset": 0
      }
    RESPONSE STATUS: 200
    RESPONSE BODY:
      {
        "data": [
          {
            "gtin": "04600494009044",
            "good_name": "Мороженка Тест",
            "brand_name": "Коровка из Кореновки",
            "is_required_vsd": true,
            "tnved_code": "2105000000",
            "certificate_type": 1,
            "certificate_number": "ЕАЭС RU С-CN.АМ04.В.00391/19",
            "certificate_date": "2022-11-21T03:00:00+00:00",
            "is_required_variable_weight": false,
            "variable_weight": 100.0,
            "exp_date_delta": 12,
            "package_gtin": null,
            "product_group": "milk",
            "well_number": "6666666666666666666",
            "licences": {
              "licence_number": "3131313131313131313131",
              "licence_date": "2024-03-21T00:00:00+00:00"
            },
            "kpp": null,
            "fias_id": null,
            "alcohol_volume": null,
            "tax_number": "32132133",
            "exporter_name": "ООО \"Экспортер\"",
            "exporter_country": "AM",
            "owner_inn": "7724211288",
            "producer_inn": "444444444444",
            "is_required_certificate": true
          },
          {
            "gtin": "04640043461114",
            "good_name": "Молоко для групповой упаковки",
            "brand_name": "Азбука сыра",
            "is_required_vsd": true,
            "tnved_code": "0401101000",
            "certificate_type": 1,
            "certificate_number": "12324234",
            "certificate_date": "2022-11-16T03:00:00+00:00",
            "is_required_variable_weight": false,
            "variable_weight": 900.0,
            "exp_date_delta": null,
            "package_gtin": null,
            "product_group": "milk",
            "well_number": null,
            "licences": null,
            "kpp": null,
            "fias_id": null,
            "alcohol_volume": null,
            "tax_number": "32132133",
            "exporter_name": "ООО \"Экспортер\"",
            "exporter_country": "AM",
            "owner_inn": "7731376812",
            "producer_inn": null,
            "is_required_certificate": true
          },
          {
            "gtin": "04640043463996",
            "good_name": "БОТИНКИ ARMACO",
            "brand_name": null,
            "is_required_vsd": null,
            "tnved_code": "6404110000",
            "certificate_type": 2,
            "certificate_number": "12345671",
            "certificate_date": "2022-10-06T03:00:00+00:00",
            "is_required_variable_weight": false,
            "variable_weight": 0.0,
            "exp_date_delta": 14,
            "package_gtin": null,
            "product_group": "shoes",
            "well_number": null,
            "licences": {
              "licence_number": "2222222",
              "licence_date": "2025-01-28T15:58:52.555000+00:00"
            },
            "kpp": "5555555555",
            "fias_id": "112233445566",
            "alcohol_volume": "40",
            "tax_number": "32132132",
            "exporter_name": "ООО \"Ованес\"",
            "exporter_country": "AM",
            "owner_inn": "7731376812",
            "producer_inn": null,
            "is_required_certificate": false
          },
          {
            "gtin": "04600494009013",
            "good_name": "Вода Кроки",
            "brand_name": null,
            "is_required_vsd": false,
            "tnved_code": "2201101100",
            "certificate_type": 2,
            "certificate_number": "rt45ytgfe4t567uyjt",
            "certificate_date": "2023-01-25T03:00:00+00:00",
            "is_required_variable_weight": false,
            "variable_weight": null,
            "exp_date_delta": null,
            "package_gtin": null,
            "product_group": "water",
            "well_number": "123456789",
            "licences": {
              "licence_number": "1254АА443343",
              "licence_date": "2024-03-26T03:00:00+00:00"
            },
            "kpp": "770301001",
            "fias_id": "cf7e18f5-925c-4926-8e07-6a2d37116502",
            "alcohol_volume": null,
            "tax_number": "32132132",
            "exporter_name": "ООО \"Ованес\"",
            "exporter_country": "AM",
            "owner_inn": "7724211288",
            "producer_inn": "7724211288",
            "is_required_certificate": true
          },
          {
            "gtin": "04600433600622",
            "good_name": "Вода минеральная природная столовая питьевая Кубай негазированная",
            "brand_name": "Кубай",
            "is_required_vsd": null,
            "tnved_code": "2201101100",
            "certificate_type": null,
            "certificate_number": null,
            "certificate_date": null,
            "is_required_variable_weight": false,
            "variable_weight": 5000.0,
            "exp_date_delta": null,
            "package_gtin": null,
            "product_group": "water",
            "well_number": null,
            "licences": null,
            "kpp": null,
            "fias_id": null,
            "alcohol_volume": null,
            "tax_number": "321",
            "exporter_name": "abcd",
            "exporter_country": "AM",
            "owner_inn": null,
            "producer_inn": null,
            "is_required_certificate": true
          }
        ],
        "meta": {
          "total_count": 133
        }
      }

  ► POST  https://spp-dev.smartpack.world/api/web/v1/gtin/filter
    REQUEST BODY:
      {
        "limit": 5,
        "offset": 5
      }
    RESPONSE STATUS: 200
    RESPONSE BODY:
      {
        "data": [
          {
            "gtin": "04600494009044",
            "good_name": "Мороженка Тест",
            "brand_name": "Коровка из Кореновки",
            "is_required_vsd": true,
            "tnved_code": "2105000000",
            "certificate_type": 1,
            "certificate_number": "ЕАЭС RU С-CN.АМ04.В.00391/19",
            "certificate_date": "2022-11-21T03:00:00+00:00",
            "is_required_variable_weight": false,
            "variable_weight": 100.0,
            "exp_date_delta": 12,
            "package_gtin": null,
            "product_group": "milk",
            "well_number": "6666666666666666666",
            "licences": {
              "licence_number": "3131313131313131313131",
              "licence_date": "2024-03-21T00:00:00+00:00"
            },
            "kpp": null,
            "fias_id": null,
            "alcohol_volume": null,
            "tax_number": "32132133",
            "exporter_name": "ООО \"Экспортер\"",
            "exporter_country": "AM",
            "owner_inn": "7724211288",
            "producer_inn": "444444444444",
            "is_required_certificate": true
          },
          {
            "gtin": "04640043461114",
            "good_name": "Молоко для групповой упаковки",
            "brand_name": "Азбука сыра",
            "is_required_vsd": true,
            "tnved_code": "0401101000",
            "certificate_type": 1,
            "certificate_number": "12324234",
            "certificate_date": "2022-11-16T03:00:00+00:00",
            "is_required_variable_weight": false,
            "variable_weight": 900.0,
            "exp_date_delta": null,
            "package_gtin": null,
            "product_group": "milk",
            "well_number": null,
            "licences": null,
            "kpp": null,
            "fias_id": null,
            "alcohol_volume": null,
            "tax_number": "32132133",
            "exporter_name": "ООО \"Экспортер\"",
            "exporter_country": "AM",
            "owner_inn": "7731376812",
            "producer_inn": null,
            "is_required_certificate": true
          },
          {
            "gtin": "04640043463996",
            "good_name": "БОТИНКИ ARMACO",
            "brand_name": null,
            "is_required_vsd": null,
            "tnved_code": "6404110000",
            "certificate_type": 2,
            "certificate_number": "12345671",
            "certificate_date": "2022-10-06T03:00:00+00:00",
            "is_required_variable_weight": false,
            "variable_weight": 0.0,
            "exp_date_delta": 14,
            "package_gtin": null,
            "product_group": "shoes",
            "well_number": null,
            "licences": {
              "licence_number": "2222222",
              "licence_date": "2025-01-28T15:58:52.555000+00:00"
            },
            "kpp": "5555555555",
            "fias_id": "112233445566",
            "alcohol_volume": "40",
            "tax_number": "32132132",
            "exporter_name": "ООО \"Ованес\"",
            "exporter_country": "AM",
            "owner_inn": "7731376812",
            "producer_inn": null,
            "is_required_certificate": false
          },
          {
            "gtin": "04600494009013",
            "good_name": "Вода Кроки",
            "brand_name": null,
            "is_required_vsd": false,
            "tnved_code": "2201101100",
            "certificate_type": 2,
            "certificate_number": "rt45ytgfe4t567uyjt",
            "certificate_date": "2023-01-25T03:00:00+00:00",
            "is_required_variable_weight": false,
            "variable_weight": null,
            "exp_date_delta": null,
            "package_gtin": null,
            "product_group": "water",
            "well_number": "123456789",
            "licences": {
              "licence_number": "1254АА443343",
              "licence_date": "2024-03-26T03:00:00+00:00"
            },
            "kpp": "770301001",
            "fias_id": "cf7e18f5-925c-4926-8e07-6a2d37116502",
            "alcohol_volume": null,
            "tax_number": "32132132",
            "exporter_name": "ООО \"Ованес\"",
            "exporter_country": "AM",
            "owner_inn": "7724211288",
            "producer_inn": "7724211288",
            "is_required_certificate": true
          },
          {
            "gtin": "04600433600622",
            "good_name": "Вода минеральная природная столовая питьевая Кубай негазированная",
            "brand_name": "Кубай",
            "is_required_vsd": null,
            "tnved_code": "2201101100",
            "certificate_type": null,
            "certificate_number": null,
            "certificate_date": null,
            "is_required_variable_weight": false,
            "variable_weight": 5000.0,
            "exp_date_delta": null,
            "package_gtin": null,
            "product_group": "water",
            "well_number": null,
            "licences": null,
            "kpp": null,
            "fias_id": null,
            "alcohol_volume": null,
            "tax_number": "321",
            "exporter_name": "abcd",
            "exporter_country": "AM",
            "owner_inn": null,
            "producer_inn": null,
            "is_required_certificate": true
          }
        ],
        "meta": {
          "total_count": 133
        }
      }

========================================================================
TEST: tests/integration/test_line_management.py::test_filter_lines_returns_data
========================================================================

  ► POST  https://spp-dev.smartpack.world/api/web/v1/line/filter
    REQUEST BODY:
      {
        "limit": 20,
        "offset": 0
      }
    RESPONSE STATUS: 200
    RESPONSE BODY:
      {
        "data": [
          {
            "id": "61f7c1ae9c982b5c67fd16fc",
            "line_number": 0,
            "name": "string",
            "is_active": false,
            "product_group": "antiseptic",
            "production_type": 2,
            "camera_host": null,
            "line_type": 1,
            "action_read_type": null,
            "is_deleted": true,
            "is_auto_send_report": false,
            "count_in_report": 0,
            "report_to_send": [
              1
            ]
          },
          {
            "id": "60e431f7b62082049a6aa2db",
            "line_number": 1,
            "name": "UpdatedLine-77386815",
            "is_active": true,
            "product_group": "water",
            "production_type": 2,
            "camera_host": null,
            "line_type": 1,
            "action_read_type": null,
            "is_deleted": false,
            "is_auto_send_report": false,
            "count_in_report": null,
            "report_to_send": null
          },
          {
            "id": "60eda9473d9f8c1ceea2d2a9",
            "line_number": 2,
            "name": "antiseptic",
            "is_active": false,
            "product_group": "antiseptic",
            "production_type": 2,
            "camera_host": null,
            "line_type": 1,
            "action_read_type": null,
            "is_deleted": true,
            "is_auto_send_report": false,
            "count_in_report": null,
            "report_to_send": null
          },
          {
            "id": "610d0aa43d9f8c1ceea2e07d",
            "line_number": 3,
            "name": "water",
            "is_active": false,
            "product_group": "water",
            "production_type": 2,
            "camera_host": null,
            "line_type": 1,
            "action_read_type": null,
            "is_deleted": true,
            "is_auto_send_report": false,
            "count_in_report": null,
            "report_to_send": null
          },
          {
            "id": "612752c89841f9cc771c047d",
            "line_number": 4,
            "name": "milk223",
            "is_active": false,
            "product_group": "milk",
            "production_type": 2,
            "camera_host": "s",
            "line_type": 1,
            "action_read_type": null,
            "is_deleted": true,
            "is_auto_send_report": false,
            "count_in_report": 2,
            "report_to_send": [
              1
            ]
          },
          {
            "id": "612c86849c2a20539e649861",
            "line_number": 5,
            "name": "bio",
            "is_active": true,
            "product_group": "bio",
            "production_type": 2,
            "camera_host": null,
            "line_type": 1,
            "action_read_type": null,
            "is_deleted": false,
            "is_auto_send_report": false,
            "count_in_report": null,
            "report_to_send": null
          },
          {
            "id": "615571229c2a20539e64a841",
            "line_number": 6,
            "name": "Молоко 1.5 литра",
            "is_active": false,
            "product_group": "milk",
            "production_type": 1,
            "camera_host": "192.111.1.1",
            "line_type": 1,
            "action_read_type": null,
            "is_deleted": false,
            "is_auto_send_report": false,
            "count_in_report": 2,
            "report_to_send": [
              1
            ]
          },
          {
            "id": "61716c2c1da06c439e359711",
            "line_number": 7,
            "name": "Агрегация тест1",
            "is_active": true,
            "product_group": "water",
            "production_type": 1,
            "camera_host": null,
            "line_type": 2,
            "action_read_type": 2,
            "is_deleted": false,
            "is_auto_send_report": false,
            "count_in_report": 2,
            "report_to_send": []
          },
          {
            "id": "625cf44a7a2a2a7da565e553",
            "line_number": 14,
            "name": "string",
            "is_active": false,
            "product_group": "water",
            "production_type": 2,
            "camera_host": null,
            "line_type": 1,
            "action_read_type": null,
            "is_deleted": true,
            "is_auto_send_report": false,
            "count_in_report": null,
            "report_to_send": null
          },
          {
            "id": "61a77a9609af8acf970d21ff",
            "line_number": 19,
            "name": "11111111114444",
            "is_active": false,
            "product_group": "water",
            "production_type": 2,
            "camera_host": null,
            "line_type": 1,
            "action_read_type": null,
            "is_deleted": true,
            "is_auto_send_report": false,
            "count_in_report": 10,
            "report_to_send": [
              1
            ]
          },
          {
            "id": "61a8ab678433114ba88c4a6d",
            "line_number": 21,
            "name": "beer",
            "is_active": false,
            "product_group": "beer",
            "production_type": 2,
            "camera_host": null,
            "line_type": 1,
            "action_read_type": null,
            "is_deleted": true,
            "is_auto_send_report": false,
            "count_in_report": 2,
            "report_to_send": [
              1
            ]
          },
          {
            "id": "61af4ae18433114ba88c4cd2",
            "line_number": 23,
            "name": "1234567",
            "is_active": false,
            "product_group": "water",
            "production_type": 2,
            "camera_host": null,
            "line_type": 1,
            "action_read_type": null,
            "is_deleted": true,
            "is_auto_send_report": false,
            "count_in_report": null,
            "report_to_send": null
          },
          {
            "id": "61b9e87f195e0bc0d6ba0472",
            "line_number": 25,
            "name": "Вода 1 литр",
            "is_active": false,
            "product_group": "water",
            "production_type": 2,
            "camera_host": null,
            "line_type": 1,
            "action_read_type": null,
            "is_deleted": true,
            "is_auto_send_report": false,
            "count_in_report": null,
            "report_to_send": null
          },
          {
            "id": "61c04602195e0bc0d6bac9e0",
            "line_number": 26,
            "name": "Агрегационная линия 1",
            "is_active": false,
            "product_group": "antiseptic",
            "production_type": 2,
            "camera_host": null,
            "line_type": 2,
            "action_read_type": null,
            "is_deleted": true,
            "is_auto_send_report": false,
            "count_in_report": null,
            "report_to_send": null
          },
          {
            "id": "61e82dff536e6a22bd20544a",
            "line_number": 28,
            "name": "test_mob",
            "is_active": false,
            "product_group": "water",
            "production_type": 1,
            "camera_host": null,
            "line_type": 2,
            "action_read_type": null,
            "is_deleted": false,
            "is_auto_send_report": false,
            "count_in_report": null,
            "report_to_send": null
          },
          {
            "id": "61e8704a536e6a22bd205471",
            "line_number": 29,
            "name": "Агрегация вода",
            "is_active": true,
            "product_group": "water",
            "production_type": 1,
            "camera_host": null,
            "line_type": 2,
            "action_read_type": 2,
            "is_deleted": false,
            "is_auto_send_report": false,
            "count_in_report": null,
            "report_to_send": null
          },
          {
            "id": "61ea84035a5d1602a3b1860a",
            "line_number": 30,
            "name": "Линия для молочной продукции",
            "is_active": true,
            "product_group": "milk",
            "production_type": 1,
            "camera_host": null,
            "line_type": 2,
            "action_read_type": 2,
            "is_deleted": false,
            "is_auto_send_report": false,
            "count_in_report": null,
            "report_to_send": null
          },
          {
            "id": "61ee42e103f0a7cb31d6b23c",
            "line_number": 31,
            "name": "Test_package_code_debug",
            "is_active": false,
            "product_group": "water",
            "production_type": 2,
            "camera_host": null,
            "line_type": 2,
            "action_read_type": null,
            "is_deleted": true,
            "is_auto_send_report": false,
            "count_in_report": 2,
            "report_to_send": [
              1,
              3
            ]
          },
          {
            "id": "61ee44f203f0a7cb31d6b251",
            "line_number": 32,
            "name": "Test_adding_packages_to_pallet",
            "is_active": false,
            "product_group": "water",
            "production_type": 2,
            "camera_host": null,
            "line_type": 2,
            "action_read_type": null,
            "is_deleted": true,
            "is_auto_send_report": false,
            "count_in_report": null,
            "report_to_send": null
          },
          {
            "id": "61ee4c5dec92a8e48240ad2c",
            "line_number": 33,
            "name": "Test_close_session_not_full_package",
            "is_active": false,
            "product_group": "water",
            "production_type": 2,
            "camera_host": null,
            "line_type": 2,
            "action_read_type": null,
            "is_deleted": true,
            "is_auto_send_report": false,
            "count_in_report": null,
            "report_to_send": null
          }
        ],
        "meta": {
          "total_count": 1170
        }
      }

========================================================================
TEST: tests/integration/test_line_management.py::test_filter_lines_by_model
========================================================================

  ► POST  https://spp-dev.smartpack.world/api/web/v1/line/filter
    REQUEST BODY:
      {
        "skip": 0,
        "limit": 10
      }
    RESPONSE STATUS: 200
    RESPONSE BODY:
      {
        "data": [
          {
            "id": "61f7c1ae9c982b5c67fd16fc",
            "line_number": 0,
            "name": "string",
            "is_active": false,
            "product_group": "antiseptic",
            "production_type": 2,
            "camera_host": null,
            "line_type": 1,
            "action_read_type": null,
            "is_deleted": true,
            "is_auto_send_report": false,
            "count_in_report": 0,
            "report_to_send": [
              1
            ]
          },
          {
            "id": "60e431f7b62082049a6aa2db",
            "line_number": 1,
            "name": "UpdatedLine-77386815",
            "is_active": true,
            "product_group": "water",
            "production_type": 2,
            "camera_host": null,
            "line_type": 1,
            "action_read_type": null,
            "is_deleted": false,
            "is_auto_send_report": false,
            "count_in_report": null,
            "report_to_send": null
          },
          {
            "id": "60eda9473d9f8c1ceea2d2a9",
            "line_number": 2,
            "name": "antiseptic",
            "is_active": false,
            "product_group": "antiseptic",
            "production_type": 2,
            "camera_host": null,
            "line_type": 1,
            "action_read_type": null,
            "is_deleted": true,
            "is_auto_send_report": false,
            "count_in_report": null,
            "report_to_send": null
          },
          {
            "id": "610d0aa43d9f8c1ceea2e07d",
            "line_number": 3,
            "name": "water",
            "is_active": false,
            "product_group": "water",
            "production_type": 2,
            "camera_host": null,
            "line_type": 1,
            "action_read_type": null,
            "is_deleted": true,
            "is_auto_send_report": false,
            "count_in_report": null,
            "report_to_send": null
          },
          {
            "id": "612752c89841f9cc771c047d",
            "line_number": 4,
            "name": "milk223",
            "is_active": false,
            "product_group": "milk",
            "production_type": 2,
            "camera_host": "s",
            "line_type": 1,
            "action_read_type": null,
            "is_deleted": true,
            "is_auto_send_report": false,
            "count_in_report": 2,
            "report_to_send": [
              1
            ]
          },
          {
            "id": "612c86849c2a20539e649861",
            "line_number": 5,
            "name": "bio",
            "is_active": true,
            "product_group": "bio",
            "production_type": 2,
            "camera_host": null,
            "line_type": 1,
            "action_read_type": null,
            "is_deleted": false,
            "is_auto_send_report": false,
            "count_in_report": null,
            "report_to_send": null
          },
          {
            "id": "615571229c2a20539e64a841",
            "line_number": 6,
            "name": "Молоко 1.5 литра",
            "is_active": false,
            "product_group": "milk",
            "production_type": 1,
            "camera_host": "192.111.1.1",
            "line_type": 1,
            "action_read_type": null,
            "is_deleted": false,
            "is_auto_send_report": false,
            "count_in_report": 2,
            "report_to_send": [
              1
            ]
          },
          {
            "id": "61716c2c1da06c439e359711",
            "line_number": 7,
            "name": "Агрегация тест1",
            "is_active": true,
            "product_group": "water",
            "production_type": 1,
            "camera_host": null,
            "line_type": 2,
            "action_read_type": 2,
            "is_deleted": false,
            "is_auto_send_report": false,
            "count_in_report": 2,
            "report_to_send": []
          },
          {
            "id": "625cf44a7a2a2a7da565e553",
            "line_number": 14,
            "name": "string",
            "is_active": false,
            "product_group": "water",
            "production_type": 2,
            "camera_host": null,
            "line_type": 1,
            "action_read_type": null,
            "is_deleted": true,
            "is_auto_send_report": false,
            "count_in_report": null,
            "report_to_send": null
          },
          {
            "id": "61a77a9609af8acf970d21ff",
            "line_number": 19,
            "name": "11111111114444",
            "is_active": false,
            "product_group": "water",
            "production_type": 2,
            "camera_host": null,
            "line_type": 1,
            "action_read_type": null,
            "is_deleted": true,
            "is_auto_send_report": false,
            "count_in_report": 10,
            "report_to_send": [
              1
            ]
          }
        ],
        "meta": {
          "total_count": 1170
        }
      }

========================================================================
TEST: tests/integration/test_line_management.py::test_filter_lines_milk_has_line
========================================================================

  ► POST  https://spp-dev.smartpack.world/api/web/v1/line/filter
    REQUEST BODY:
      {
        "limit": 10,
        "offset": 0,
        "product_group": "milk"
      }
    RESPONSE STATUS: 200
    RESPONSE BODY:
      {
        "data": [
          {
            "id": "61f7c1ae9c982b5c67fd16fc",
            "line_number": 0,
            "name": "string",
            "is_active": false,
            "product_group": "antiseptic",
            "production_type": 2,
            "camera_host": null,
            "line_type": 1,
            "action_read_type": null,
            "is_deleted": true,
            "is_auto_send_report": false,
            "count_in_report": 0,
            "report_to_send": [
              1
            ]
          },
          {
            "id": "60e431f7b62082049a6aa2db",
            "line_number": 1,
            "name": "UpdatedLine-77386815",
            "is_active": true,
            "product_group": "water",
            "production_type": 2,
            "camera_host": null,
            "line_type": 1,
            "action_read_type": null,
            "is_deleted": false,
            "is_auto_send_report": false,
            "count_in_report": null,
            "report_to_send": null
          },
          {
            "id": "60eda9473d9f8c1ceea2d2a9",
            "line_number": 2,
            "name": "antiseptic",
            "is_active": false,
            "product_group": "antiseptic",
            "production_type": 2,
            "camera_host": null,
            "line_type": 1,
            "action_read_type": null,
            "is_deleted": true,
            "is_auto_send_report": false,
            "count_in_report": null,
            "report_to_send": null
          },
          {
            "id": "610d0aa43d9f8c1ceea2e07d",
            "line_number": 3,
            "name": "water",
            "is_active": false,
            "product_group": "water",
            "production_type": 2,
            "camera_host": null,
            "line_type": 1,
            "action_read_type": null,
            "is_deleted": true,
            "is_auto_send_report": false,
            "count_in_report": null,
            "report_to_send": null
          },
          {
            "id": "612752c89841f9cc771c047d",
            "line_number": 4,
            "name": "milk223",
            "is_active": false,
            "product_group": "milk",
            "production_type": 2,
            "camera_host": "s",
            "line_type": 1,
            "action_read_type": null,
            "is_deleted": true,
            "is_auto_send_report": false,
            "count_in_report": 2,
            "report_to_send": [
              1
            ]
          },
          {
            "id": "612c86849c2a20539e649861",
            "line_number": 5,
            "name": "bio",
            "is_active": true,
            "product_group": "bio",
            "production_type": 2,
            "camera_host": null,
            "line_type": 1,
            "action_read_type": null,
            "is_deleted": false,
            "is_auto_send_report": false,
            "count_in_report": null,
            "report_to_send": null
          },
          {
            "id": "615571229c2a20539e64a841",
            "line_number": 6,
            "name": "Молоко 1.5 литра",
            "is_active": false,
            "product_group": "milk",
            "production_type": 1,
            "camera_host": "192.111.1.1",
            "line_type": 1,
            "action_read_type": null,
            "is_deleted": false,
            "is_auto_send_report": false,
            "count_in_report": 2,
            "report_to_send": [
              1
            ]
          },
          {
            "id": "61716c2c1da06c439e359711",
            "line_number": 7,
            "name": "Агрегация тест1",
            "is_active": true,
            "product_group": "water",
            "production_type": 1,
            "camera_host": null,
            "line_type": 2,
            "action_read_type": 2,
            "is_deleted": false,
            "is_auto_send_report": false,
            "count_in_report": 2,
            "report_to_send": []
          },
          {
            "id": "625cf44a7a2a2a7da565e553",
            "line_number": 14,
            "name": "string",
            "is_active": false,
            "product_group": "water",
            "production_type": 2,
            "camera_host": null,
            "line_type": 1,
            "action_read_type": null,
            "is_deleted": true,
            "is_auto_send_report": false,
            "count_in_report": null,
            "report_to_send": null
          },
          {
            "id": "61a77a9609af8acf970d21ff",
            "line_number": 19,
            "name": "11111111114444",
            "is_active": false,
            "product_group": "water",
            "production_type": 2,
            "camera_host": null,
            "line_type": 1,
            "action_read_type": null,
            "is_deleted": true,
            "is_auto_send_report": false,
            "count_in_report": 10,
            "report_to_send": [
              1
            ]
          }
        ],
        "meta": {
          "total_count": 1170
        }
      }

========================================================================
TEST: tests/integration/test_line_management.py::test_create_and_find_line
========================================================================

  ► POST  https://spp-dev.smartpack.world/api/web/v1/line/create
    REQUEST BODY:
      {
        "name": "Integration Test Line 173633",
        "line_type": 1,
        "product_group": "milk",
        "production_type": 1,
        "pin_code": "0000",
        "is_auto_send_report": false
      }
    RESPONSE STATUS: 200
    RESPONSE BODY:
      {
        "data": true
      }

========================================================================
TEST: tests/integration/test_line_management.py::test_edit_nonexistent_line
========================================================================

  ► POST  https://spp-dev.smartpack.world/api/web/v1/line/edit
    REQUEST BODY:
      {
        "line_number": 999999999,
        "name": "Ghost Line"
      }
    RESPONSE STATUS: 200
    RESPONSE BODY:
      {
        "data": false
      }

========================================================================
TEST: tests/integration/test_line_management.py::test_delete_nonexistent_line
========================================================================

  ► POST  https://spp-dev.smartpack.world/api/web/v1/line/delete
    REQUEST BODY:
      {
        "line_number": 999999999
      }
    RESPONSE STATUS: 500
    RESPONSE BODY: Internal Server Error

========================================================================
TEST: tests/integration/test_line_management.py::test_recover_nonexistent_line
========================================================================

  ► POST  https://spp-dev.smartpack.world/api/web/v1/line/recover
    REQUEST BODY:
      {
        "line_number": 999999999
      }
    RESPONSE STATUS: 200
    RESPONSE BODY:
      {
        "data": true
      }

========================================================================
TEST: tests/integration/test_line_management.py::test_filter_lines_per_product_group[milk]
========================================================================

  ► POST  https://spp-dev.smartpack.world/api/web/v1/line/filter
    REQUEST BODY:
      {
        "limit": 5,
        "offset": 0,
        "product_group": "milk"
      }
    RESPONSE STATUS: 200
    RESPONSE BODY:
      {
        "data": [
          {
            "id": "61f7c1ae9c982b5c67fd16fc",
            "line_number": 0,
            "name": "string",
            "is_active": false,
            "product_group": "antiseptic",
            "production_type": 2,
            "camera_host": null,
            "line_type": 1,
            "action_read_type": null,
            "is_deleted": true,
            "is_auto_send_report": false,
            "count_in_report": 0,
            "report_to_send": [
              1
            ]
          },
          {
            "id": "60e431f7b62082049a6aa2db",
            "line_number": 1,
            "name": "UpdatedLine-77386815",
            "is_active": true,
            "product_group": "water",
            "production_type": 2,
            "camera_host": null,
            "line_type": 1,
            "action_read_type": null,
            "is_deleted": false,
            "is_auto_send_report": false,
            "count_in_report": null,
            "report_to_send": null
          },
          {
            "id": "60eda9473d9f8c1ceea2d2a9",
            "line_number": 2,
            "name": "antiseptic",
            "is_active": false,
            "product_group": "antiseptic",
            "production_type": 2,
            "camera_host": null,
            "line_type": 1,
            "action_read_type": null,
            "is_deleted": true,
            "is_auto_send_report": false,
            "count_in_report": null,
            "report_to_send": null
          },
          {
            "id": "610d0aa43d9f8c1ceea2e07d",
            "line_number": 3,
            "name": "water",
            "is_active": false,
            "product_group": "water",
            "production_type": 2,
            "camera_host": null,
            "line_type": 1,
            "action_read_type": null,
            "is_deleted": true,
            "is_auto_send_report": false,
            "count_in_report": null,
            "report_to_send": null
          },
          {
            "id": "612752c89841f9cc771c047d",
            "line_number": 4,
            "name": "milk223",
            "is_active": false,
            "product_group": "milk",
            "production_type": 2,
            "camera_host": "s",
            "line_type": 1,
            "action_read_type": null,
            "is_deleted": true,
            "is_auto_send_report": false,
            "count_in_report": 2,
            "report_to_send": [
              1
            ]
          }
        ],
        "meta": {
          "total_count": 1171
        }
      }

========================================================================
TEST: tests/integration/test_line_management.py::test_filter_lines_per_product_group[water]
========================================================================

  ► POST  https://spp-dev.smartpack.world/api/web/v1/line/filter
    REQUEST BODY:
      {
        "limit": 5,
        "offset": 0,
        "product_group": "water"
      }
    RESPONSE STATUS: 200
    RESPONSE BODY:
      {
        "data": [
          {
            "id": "61f7c1ae9c982b5c67fd16fc",
            "line_number": 0,
            "name": "string",
            "is_active": false,
            "product_group": "antiseptic",
            "production_type": 2,
            "camera_host": null,
            "line_type": 1,
            "action_read_type": null,
            "is_deleted": true,
            "is_auto_send_report": false,
            "count_in_report": 0,
            "report_to_send": [
              1
            ]
          },
          {
            "id": "60e431f7b62082049a6aa2db",
            "line_number": 1,
            "name": "UpdatedLine-77386815",
            "is_active": true,
            "product_group": "water",
            "production_type": 2,
            "camera_host": null,
            "line_type": 1,
            "action_read_type": null,
            "is_deleted": false,
            "is_auto_send_report": false,
            "count_in_report": null,
            "report_to_send": null
          },
          {
            "id": "60eda9473d9f8c1ceea2d2a9",
            "line_number": 2,
            "name": "antiseptic",
            "is_active": false,
            "product_group": "antiseptic",
            "production_type": 2,
            "camera_host": null,
            "line_type": 1,
            "action_read_type": null,
            "is_deleted": true,
            "is_auto_send_report": false,
            "count_in_report": null,
            "report_to_send": null
          },
          {
            "id": "610d0aa43d9f8c1ceea2e07d",
            "line_number": 3,
            "name": "water",
            "is_active": false,
            "product_group": "water",
            "production_type": 2,
            "camera_host": null,
            "line_type": 1,
            "action_read_type": null,
            "is_deleted": true,
            "is_auto_send_report": false,
            "count_in_report": null,
            "report_to_send": null
          },
          {
            "id": "612752c89841f9cc771c047d",
            "line_number": 4,
            "name": "milk223",
            "is_active": false,
            "product_group": "milk",
            "production_type": 2,
            "camera_host": "s",
            "line_type": 1,
            "action_read_type": null,
            "is_deleted": true,
            "is_auto_send_report": false,
            "count_in_report": 2,
            "report_to_send": [
              1
            ]
          }
        ],
        "meta": {
          "total_count": 1171
        }
      }

========================================================================
TEST: tests/integration/test_line_management.py::test_filter_lines_per_product_group[shoes]
========================================================================

  ► POST  https://spp-dev.smartpack.world/api/web/v1/line/filter
    REQUEST BODY:
      {
        "limit": 5,
        "offset": 0,
        "product_group": "shoes"
      }
    RESPONSE STATUS: 200
    RESPONSE BODY:
      {
        "data": [
          {
            "id": "61f7c1ae9c982b5c67fd16fc",
            "line_number": 0,
            "name": "string",
            "is_active": false,
            "product_group": "antiseptic",
            "production_type": 2,
            "camera_host": null,
            "line_type": 1,
            "action_read_type": null,
            "is_deleted": true,
            "is_auto_send_report": false,
            "count_in_report": 0,
            "report_to_send": [
              1
            ]
          },
          {
            "id": "60e431f7b62082049a6aa2db",
            "line_number": 1,
            "name": "UpdatedLine-77386815",
            "is_active": true,
            "product_group": "water",
            "production_type": 2,
            "camera_host": null,
            "line_type": 1,
            "action_read_type": null,
            "is_deleted": false,
            "is_auto_send_report": false,
            "count_in_report": null,
            "report_to_send": null
          },
          {
            "id": "60eda9473d9f8c1ceea2d2a9",
            "line_number": 2,
            "name": "antiseptic",
            "is_active": false,
            "product_group": "antiseptic",
            "production_type": 2,
            "camera_host": null,
            "line_type": 1,
            "action_read_type": null,
            "is_deleted": true,
            "is_auto_send_report": false,
            "count_in_report": null,
            "report_to_send": null
          },
          {
            "id": "610d0aa43d9f8c1ceea2e07d",
            "line_number": 3,
            "name": "water",
            "is_active": false,
            "product_group": "water",
            "production_type": 2,
            "camera_host": null,
            "line_type": 1,
            "action_read_type": null,
            "is_deleted": true,
            "is_auto_send_report": false,
            "count_in_report": null,
            "report_to_send": null
          },
          {
            "id": "612752c89841f9cc771c047d",
            "line_number": 4,
            "name": "milk223",
            "is_active": false,
            "product_group": "milk",
            "production_type": 2,
            "camera_host": "s",
            "line_type": 1,
            "action_read_type": null,
            "is_deleted": true,
            "is_auto_send_report": false,
            "count_in_report": 2,
            "report_to_send": [
              1
            ]
          }
        ],
        "meta": {
          "total_count": 1171
        }
      }

========================================================================
TEST: tests/integration/test_line_management.py::test_filter_lines_per_product_group[antiseptic]
========================================================================

  ► POST  https://spp-dev.smartpack.world/api/web/v1/line/filter
    REQUEST BODY:
      {
        "limit": 5,
        "offset": 0,
        "product_group": "antiseptic"
      }
    RESPONSE STATUS: 200
    RESPONSE BODY:
      {
        "data": [
          {
            "id": "61f7c1ae9c982b5c67fd16fc",
            "line_number": 0,
            "name": "string",
            "is_active": false,
            "product_group": "antiseptic",
            "production_type": 2,
            "camera_host": null,
            "line_type": 1,
            "action_read_type": null,
            "is_deleted": true,
            "is_auto_send_report": false,
            "count_in_report": 0,
            "report_to_send": [
              1
            ]
          },
          {
            "id": "60e431f7b62082049a6aa2db",
            "line_number": 1,
            "name": "UpdatedLine-77386815",
            "is_active": true,
            "product_group": "water",
            "production_type": 2,
            "camera_host": null,
            "line_type": 1,
            "action_read_type": null,
            "is_deleted": false,
            "is_auto_send_report": false,
            "count_in_report": null,
            "report_to_send": null
          },
          {
            "id": "60eda9473d9f8c1ceea2d2a9",
            "line_number": 2,
            "name": "antiseptic",
            "is_active": false,
            "product_group": "antiseptic",
            "production_type": 2,
            "camera_host": null,
            "line_type": 1,
            "action_read_type": null,
            "is_deleted": true,
            "is_auto_send_report": false,
            "count_in_report": null,
            "report_to_send": null
          },
          {
            "id": "610d0aa43d9f8c1ceea2e07d",
            "line_number": 3,
            "name": "water",
            "is_active": false,
            "product_group": "water",
            "production_type": 2,
            "camera_host": null,
            "line_type": 1,
            "action_read_type": null,
            "is_deleted": true,
            "is_auto_send_report": false,
            "count_in_report": null,
            "report_to_send": null
          },
          {
            "id": "612752c89841f9cc771c047d",
            "line_number": 4,
            "name": "milk223",
            "is_active": false,
            "product_group": "milk",
            "production_type": 2,
            "camera_host": "s",
            "line_type": 1,
            "action_read_type": null,
            "is_deleted": true,
            "is_auto_send_report": false,
            "count_in_report": 2,
            "report_to_send": [
              1
            ]
          }
        ],
        "meta": {
          "total_count": 1171
        }
      }

========================================================================
TEST: tests/integration/test_line_management.py::test_filter_lines_per_product_group[bio]
========================================================================

  ► POST  https://spp-dev.smartpack.world/api/web/v1/line/filter
    REQUEST BODY:
      {
        "limit": 5,
        "offset": 0,
        "product_group": "bio"
      }
    RESPONSE STATUS: 200
    RESPONSE BODY:
      {
        "data": [
          {
            "id": "61f7c1ae9c982b5c67fd16fc",
            "line_number": 0,
            "name": "string",
            "is_active": false,
            "product_group": "antiseptic",
            "production_type": 2,
            "camera_host": null,
            "line_type": 1,
            "action_read_type": null,
            "is_deleted": true,
            "is_auto_send_report": false,
            "count_in_report": 0,
            "report_to_send": [
              1
            ]
          },
          {
            "id": "60e431f7b62082049a6aa2db",
            "line_number": 1,
            "name": "UpdatedLine-77386815",
            "is_active": true,
            "product_group": "water",
            "production_type": 2,
            "camera_host": null,
            "line_type": 1,
            "action_read_type": null,
            "is_deleted": false,
            "is_auto_send_report": false,
            "count_in_report": null,
            "report_to_send": null
          },
          {
            "id": "60eda9473d9f8c1ceea2d2a9",
            "line_number": 2,
            "name": "antiseptic",
            "is_active": false,
            "product_group": "antiseptic",
            "production_type": 2,
            "camera_host": null,
            "line_type": 1,
            "action_read_type": null,
            "is_deleted": true,
            "is_auto_send_report": false,
            "count_in_report": null,
            "report_to_send": null
          },
          {
            "id": "610d0aa43d9f8c1ceea2e07d",
            "line_number": 3,
            "name": "water",
            "is_active": false,
            "product_group": "water",
            "production_type": 2,
            "camera_host": null,
            "line_type": 1,
            "action_read_type": null,
            "is_deleted": true,
            "is_auto_send_report": false,
            "count_in_report": null,
            "report_to_send": null
          },
          {
            "id": "612752c89841f9cc771c047d",
            "line_number": 4,
            "name": "milk223",
            "is_active": false,
            "product_group": "milk",
            "production_type": 2,
            "camera_host": "s",
            "line_type": 1,
            "action_read_type": null,
            "is_deleted": true,
            "is_auto_send_report": false,
            "count_in_report": 2,
            "report_to_send": [
              1
            ]
          }
        ],
        "meta": {
          "total_count": 1171
        }
      }

========================================================================
TEST: tests/integration/test_line_management.py::test_filter_lines_per_product_group[lp]
========================================================================

  ► POST  https://spp-dev.smartpack.world/api/web/v1/line/filter
    REQUEST BODY:
      {
        "limit": 5,
        "offset": 0,
        "product_group": "lp"
      }
    RESPONSE STATUS: 200
    RESPONSE BODY:
      {
        "data": [
          {
            "id": "61f7c1ae9c982b5c67fd16fc",
            "line_number": 0,
            "name": "string",
            "is_active": false,
            "product_group": "antiseptic",
            "production_type": 2,
            "camera_host": null,
            "line_type": 1,
            "action_read_type": null,
            "is_deleted": true,
            "is_auto_send_report": false,
            "count_in_report": 0,
            "report_to_send": [
              1
            ]
          },
          {
            "id": "60e431f7b62082049a6aa2db",
            "line_number": 1,
            "name": "UpdatedLine-77386815",
            "is_active": true,
            "product_group": "water",
            "production_type": 2,
            "camera_host": null,
            "line_type": 1,
            "action_read_type": null,
            "is_deleted": false,
            "is_auto_send_report": false,
            "count_in_report": null,
            "report_to_send": null
          },
          {
            "id": "60eda9473d9f8c1ceea2d2a9",
            "line_number": 2,
            "name": "antiseptic",
            "is_active": false,
            "product_group": "antiseptic",
            "production_type": 2,
            "camera_host": null,
            "line_type": 1,
            "action_read_type": null,
            "is_deleted": true,
            "is_auto_send_report": false,
            "count_in_report": null,
            "report_to_send": null
          },
          {
            "id": "610d0aa43d9f8c1ceea2e07d",
            "line_number": 3,
            "name": "water",
            "is_active": false,
            "product_group": "water",
            "production_type": 2,
            "camera_host": null,
            "line_type": 1,
            "action_read_type": null,
            "is_deleted": true,
            "is_auto_send_report": false,
            "count_in_report": null,
            "report_to_send": null
          },
          {
            "id": "612752c89841f9cc771c047d",
            "line_number": 4,
            "name": "milk223",
            "is_active": false,
            "product_group": "milk",
            "production_type": 2,
            "camera_host": "s",
            "line_type": 1,
            "action_read_type": null,
            "is_deleted": true,
            "is_auto_send_report": false,
            "count_in_report": 2,
            "report_to_send": [
              1
            ]
          }
        ],
        "meta": {
          "total_count": 1171
        }
      }

========================================================================
TEST: tests/integration/test_line_management.py::test_filter_lines_per_product_group[perfumery]
========================================================================

  ► POST  https://spp-dev.smartpack.world/api/web/v1/line/filter
    REQUEST BODY:
      {
        "limit": 5,
        "offset": 0,
        "product_group": "perfumery"
      }
    RESPONSE STATUS: 200
    RESPONSE BODY:
      {
        "data": [
          {
            "id": "61f7c1ae9c982b5c67fd16fc",
            "line_number": 0,
            "name": "string",
            "is_active": false,
            "product_group": "antiseptic",
            "production_type": 2,
            "camera_host": null,
            "line_type": 1,
            "action_read_type": null,
            "is_deleted": true,
            "is_auto_send_report": false,
            "count_in_report": 0,
            "report_to_send": [
              1
            ]
          },
          {
            "id": "60e431f7b62082049a6aa2db",
            "line_number": 1,
            "name": "UpdatedLine-77386815",
            "is_active": true,
            "product_group": "water",
            "production_type": 2,
            "camera_host": null,
            "line_type": 1,
            "action_read_type": null,
            "is_deleted": false,
            "is_auto_send_report": false,
            "count_in_report": null,
            "report_to_send": null
          },
          {
            "id": "60eda9473d9f8c1ceea2d2a9",
            "line_number": 2,
            "name": "antiseptic",
            "is_active": false,
            "product_group": "antiseptic",
            "production_type": 2,
            "camera_host": null,
            "line_type": 1,
            "action_read_type": null,
            "is_deleted": true,
            "is_auto_send_report": false,
            "count_in_report": null,
            "report_to_send": null
          },
          {
            "id": "610d0aa43d9f8c1ceea2e07d",
            "line_number": 3,
            "name": "water",
            "is_active": false,
            "product_group": "water",
            "production_type": 2,
            "camera_host": null,
            "line_type": 1,
            "action_read_type": null,
            "is_deleted": true,
            "is_auto_send_report": false,
            "count_in_report": null,
            "report_to_send": null
          },
          {
            "id": "612752c89841f9cc771c047d",
            "line_number": 4,
            "name": "milk223",
            "is_active": false,
            "product_group": "milk",
            "production_type": 2,
            "camera_host": "s",
            "line_type": 1,
            "action_read_type": null,
            "is_deleted": true,
            "is_auto_send_report": false,
            "count_in_report": 2,
            "report_to_send": [
              1
            ]
          }
        ],
        "meta": {
          "total_count": 1171
        }
      }

========================================================================
TEST: tests/integration/test_line_management.py::test_filter_lines_per_product_group[beer]
========================================================================

  ► POST  https://spp-dev.smartpack.world/api/web/v1/line/filter
    REQUEST BODY:
      {
        "limit": 5,
        "offset": 0,
        "product_group": "beer"
      }
    RESPONSE STATUS: 200
    RESPONSE BODY:
      {
        "data": [
          {
            "id": "61f7c1ae9c982b5c67fd16fc",
            "line_number": 0,
            "name": "string",
            "is_active": false,
            "product_group": "antiseptic",
            "production_type": 2,
            "camera_host": null,
            "line_type": 1,
            "action_read_type": null,
            "is_deleted": true,
            "is_auto_send_report": false,
            "count_in_report": 0,
            "report_to_send": [
              1
            ]
          },
          {
            "id": "60e431f7b62082049a6aa2db",
            "line_number": 1,
            "name": "UpdatedLine-77386815",
            "is_active": true,
            "product_group": "water",
            "production_type": 2,
            "camera_host": null,
            "line_type": 1,
            "action_read_type": null,
            "is_deleted": false,
            "is_auto_send_report": false,
            "count_in_report": null,
            "report_to_send": null
          },
          {
            "id": "60eda9473d9f8c1ceea2d2a9",
            "line_number": 2,
            "name": "antiseptic",
            "is_active": false,
            "product_group": "antiseptic",
            "production_type": 2,
            "camera_host": null,
            "line_type": 1,
            "action_read_type": null,
            "is_deleted": true,
            "is_auto_send_report": false,
            "count_in_report": null,
            "report_to_send": null
          },
          {
            "id": "610d0aa43d9f8c1ceea2e07d",
            "line_number": 3,
            "name": "water",
            "is_active": false,
            "product_group": "water",
            "production_type": 2,
            "camera_host": null,
            "line_type": 1,
            "action_read_type": null,
            "is_deleted": true,
            "is_auto_send_report": false,
            "count_in_report": null,
            "report_to_send": null
          },
          {
            "id": "612752c89841f9cc771c047d",
            "line_number": 4,
            "name": "milk223",
            "is_active": false,
            "product_group": "milk",
            "production_type": 2,
            "camera_host": "s",
            "line_type": 1,
            "action_read_type": null,
            "is_deleted": true,
            "is_auto_send_report": false,
            "count_in_report": 2,
            "report_to_send": [
              1
            ]
          }
        ],
        "meta": {
          "total_count": 1171
        }
      }

========================================================================
TEST: tests/integration/test_line_management.py::test_filter_lines_per_product_group[nabeer]
========================================================================

  ► POST  https://spp-dev.smartpack.world/api/web/v1/line/filter
    REQUEST BODY:
      {
        "limit": 5,
        "offset": 0,
        "product_group": "nabeer"
      }
    RESPONSE STATUS: 200
    RESPONSE BODY:
      {
        "data": [
          {
            "id": "61f7c1ae9c982b5c67fd16fc",
            "line_number": 0,
            "name": "string",
            "is_active": false,
            "product_group": "antiseptic",
            "production_type": 2,
            "camera_host": null,
            "line_type": 1,
            "action_read_type": null,
            "is_deleted": true,
            "is_auto_send_report": false,
            "count_in_report": 0,
            "report_to_send": [
              1
            ]
          },
          {
            "id": "60e431f7b62082049a6aa2db",
            "line_number": 1,
            "name": "UpdatedLine-77386815",
            "is_active": true,
            "product_group": "water",
            "production_type": 2,
            "camera_host": null,
            "line_type": 1,
            "action_read_type": null,
            "is_deleted": false,
            "is_auto_send_report": false,
            "count_in_report": null,
            "report_to_send": null
          },
          {
            "id": "60eda9473d9f8c1ceea2d2a9",
            "line_number": 2,
            "name": "antiseptic",
            "is_active": false,
            "product_group": "antiseptic",
            "production_type": 2,
            "camera_host": null,
            "line_type": 1,
            "action_read_type": null,
            "is_deleted": true,
            "is_auto_send_report": false,
            "count_in_report": null,
            "report_to_send": null
          },
          {
            "id": "610d0aa43d9f8c1ceea2e07d",
            "line_number": 3,
            "name": "water",
            "is_active": false,
            "product_group": "water",
            "production_type": 2,
            "camera_host": null,
            "line_type": 1,
            "action_read_type": null,
            "is_deleted": true,
            "is_auto_send_report": false,
            "count_in_report": null,
            "report_to_send": null
          },
          {
            "id": "612752c89841f9cc771c047d",
            "line_number": 4,
            "name": "milk223",
            "is_active": false,
            "product_group": "milk",
            "production_type": 2,
            "camera_host": "s",
            "line_type": 1,
            "action_read_type": null,
            "is_deleted": true,
            "is_auto_send_report": false,
            "count_in_report": 2,
            "report_to_send": [
              1
            ]
          }
        ],
        "meta": {
          "total_count": 1171
        }
      }

========================================================================
TEST: tests/integration/test_line_management.py::test_filter_lines_per_product_group[softdrinks]
========================================================================

  ► POST  https://spp-dev.smartpack.world/api/web/v1/line/filter
    REQUEST BODY:
      {
        "limit": 5,
        "offset": 0,
        "product_group": "softdrinks"
      }
    RESPONSE STATUS: 200
    RESPONSE BODY:
      {
        "data": [
          {
            "id": "61f7c1ae9c982b5c67fd16fc",
            "line_number": 0,
            "name": "string",
            "is_active": false,
            "product_group": "antiseptic",
            "production_type": 2,
            "camera_host": null,
            "line_type": 1,
            "action_read_type": null,
            "is_deleted": true,
            "is_auto_send_report": false,
            "count_in_report": 0,
            "report_to_send": [
              1
            ]
          },
          {
            "id": "60e431f7b62082049a6aa2db",
            "line_number": 1,
            "name": "UpdatedLine-77386815",
            "is_active": true,
            "product_group": "water",
            "production_type": 2,
            "camera_host": null,
            "line_type": 1,
            "action_read_type": null,
            "is_deleted": false,
            "is_auto_send_report": false,
            "count_in_report": null,
            "report_to_send": null
          },
          {
            "id": "60eda9473d9f8c1ceea2d2a9",
            "line_number": 2,
            "name": "antiseptic",
            "is_active": false,
            "product_group": "antiseptic",
            "production_type": 2,
            "camera_host": null,
            "line_type": 1,
            "action_read_type": null,
            "is_deleted": true,
            "is_auto_send_report": false,
            "count_in_report": null,
            "report_to_send": null
          },
          {
            "id": "610d0aa43d9f8c1ceea2e07d",
            "line_number": 3,
            "name": "water",
            "is_active": false,
            "product_group": "water",
            "production_type": 2,
            "camera_host": null,
            "line_type": 1,
            "action_read_type": null,
            "is_deleted": true,
            "is_auto_send_report": false,
            "count_in_report": null,
            "report_to_send": null
          },
          {
            "id": "612752c89841f9cc771c047d",
            "line_number": 4,
            "name": "milk223",
            "is_active": false,
            "product_group": "milk",
            "production_type": 2,
            "camera_host": "s",
            "line_type": 1,
            "action_read_type": null,
            "is_deleted": true,
            "is_auto_send_report": false,
            "count_in_report": 2,
            "report_to_send": [
              1
            ]
          }
        ],
        "meta": {
          "total_count": 1171
        }
      }

========================================================================
TEST: tests/integration/test_line_management.py::test_filter_lines_per_product_group[meat]
========================================================================

  ► POST  https://spp-dev.smartpack.world/api/web/v1/line/filter
    REQUEST BODY:
      {
        "limit": 5,
        "offset": 0,
        "product_group": "meat"
      }
    RESPONSE STATUS: 200
    RESPONSE BODY:
      {
        "data": [
          {
            "id": "61f7c1ae9c982b5c67fd16fc",
            "line_number": 0,
            "name": "string",
            "is_active": false,
            "product_group": "antiseptic",
            "production_type": 2,
            "camera_host": null,
            "line_type": 1,
            "action_read_type": null,
            "is_deleted": true,
            "is_auto_send_report": false,
            "count_in_report": 0,
            "report_to_send": [
              1
            ]
          },
          {
            "id": "60e431f7b62082049a6aa2db",
            "line_number": 1,
            "name": "UpdatedLine-77386815",
            "is_active": true,
            "product_group": "water",
            "production_type": 2,
            "camera_host": null,
            "line_type": 1,
            "action_read_type": null,
            "is_deleted": false,
            "is_auto_send_report": false,
            "count_in_report": null,
            "report_to_send": null
          },
          {
            "id": "60eda9473d9f8c1ceea2d2a9",
            "line_number": 2,
            "name": "antiseptic",
            "is_active": false,
            "product_group": "antiseptic",
            "production_type": 2,
            "camera_host": null,
            "line_type": 1,
            "action_read_type": null,
            "is_deleted": true,
            "is_auto_send_report": false,
            "count_in_report": null,
            "report_to_send": null
          },
          {
            "id": "610d0aa43d9f8c1ceea2e07d",
            "line_number": 3,
            "name": "water",
            "is_active": false,
            "product_group": "water",
            "production_type": 2,
            "camera_host": null,
            "line_type": 1,
            "action_read_type": null,
            "is_deleted": true,
            "is_auto_send_report": false,
            "count_in_report": null,
            "report_to_send": null
          },
          {
            "id": "612752c89841f9cc771c047d",
            "line_number": 4,
            "name": "milk223",
            "is_active": false,
            "product_group": "milk",
            "production_type": 2,
            "camera_host": "s",
            "line_type": 1,
            "action_read_type": null,
            "is_deleted": true,
            "is_auto_send_report": false,
            "count_in_report": 2,
            "report_to_send": [
              1
            ]
          }
        ],
        "meta": {
          "total_count": 1171
        }
      }

========================================================================
TEST: tests/integration/test_line_management.py::test_filter_lines_per_product_group[seafood]
========================================================================

  ► POST  https://spp-dev.smartpack.world/api/web/v1/line/filter
    REQUEST BODY:
      {
        "limit": 5,
        "offset": 0,
        "product_group": "seafood"
      }
    RESPONSE STATUS: 200
    RESPONSE BODY:
      {
        "data": [
          {
            "id": "61f7c1ae9c982b5c67fd16fc",
            "line_number": 0,
            "name": "string",
            "is_active": false,
            "product_group": "antiseptic",
            "production_type": 2,
            "camera_host": null,
            "line_type": 1,
            "action_read_type": null,
            "is_deleted": true,
            "is_auto_send_report": false,
            "count_in_report": 0,
            "report_to_send": [
              1
            ]
          },
          {
            "id": "60e431f7b62082049a6aa2db",
            "line_number": 1,
            "name": "UpdatedLine-77386815",
            "is_active": true,
            "product_group": "water",
            "production_type": 2,
            "camera_host": null,
            "line_type": 1,
            "action_read_type": null,
            "is_deleted": false,
            "is_auto_send_report": false,
            "count_in_report": null,
            "report_to_send": null
          },
          {
            "id": "60eda9473d9f8c1ceea2d2a9",
            "line_number": 2,
            "name": "antiseptic",
            "is_active": false,
            "product_group": "antiseptic",
            "production_type": 2,
            "camera_host": null,
            "line_type": 1,
            "action_read_type": null,
            "is_deleted": true,
            "is_auto_send_report": false,
            "count_in_report": null,
            "report_to_send": null
          },
          {
            "id": "610d0aa43d9f8c1ceea2e07d",
            "line_number": 3,
            "name": "water",
            "is_active": false,
            "product_group": "water",
            "production_type": 2,
            "camera_host": null,
            "line_type": 1,
            "action_read_type": null,
            "is_deleted": true,
            "is_auto_send_report": false,
            "count_in_report": null,
            "report_to_send": null
          },
          {
            "id": "612752c89841f9cc771c047d",
            "line_number": 4,
            "name": "milk223",
            "is_active": false,
            "product_group": "milk",
            "production_type": 2,
            "camera_host": "s",
            "line_type": 1,
            "action_read_type": null,
            "is_deleted": true,
            "is_auto_send_report": false,
            "count_in_report": 2,
            "report_to_send": [
              1
            ]
          }
        ],
        "meta": {
          "total_count": 1171
        }
      }

========================================================================
TEST: tests/integration/test_line_management.py::test_filter_lines_per_product_group[conserve]
========================================================================

  ► POST  https://spp-dev.smartpack.world/api/web/v1/line/filter
    REQUEST BODY:
      {
        "limit": 5,
        "offset": 0,
        "product_group": "conserve"
      }
    RESPONSE STATUS: 200
    RESPONSE BODY:
      {
        "data": [
          {
            "id": "61f7c1ae9c982b5c67fd16fc",
            "line_number": 0,
            "name": "string",
            "is_active": false,
            "product_group": "antiseptic",
            "production_type": 2,
            "camera_host": null,
            "line_type": 1,
            "action_read_type": null,
            "is_deleted": true,
            "is_auto_send_report": false,
            "count_in_report": 0,
            "report_to_send": [
              1
            ]
          },
          {
            "id": "60e431f7b62082049a6aa2db",
            "line_number": 1,
            "name": "UpdatedLine-77386815",
            "is_active": true,
            "product_group": "water",
            "production_type": 2,
            "camera_host": null,
            "line_type": 1,
            "action_read_type": null,
            "is_deleted": false,
            "is_auto_send_report": false,
            "count_in_report": null,
            "report_to_send": null
          },
          {
            "id": "60eda9473d9f8c1ceea2d2a9",
            "line_number": 2,
            "name": "antiseptic",
            "is_active": false,
            "product_group": "antiseptic",
            "production_type": 2,
            "camera_host": null,
            "line_type": 1,
            "action_read_type": null,
            "is_deleted": true,
            "is_auto_send_report": false,
            "count_in_report": null,
            "report_to_send": null
          },
          {
            "id": "610d0aa43d9f8c1ceea2e07d",
            "line_number": 3,
            "name": "water",
            "is_active": false,
            "product_group": "water",
            "production_type": 2,
            "camera_host": null,
            "line_type": 1,
            "action_read_type": null,
            "is_deleted": true,
            "is_auto_send_report": false,
            "count_in_report": null,
            "report_to_send": null
          },
          {
            "id": "612752c89841f9cc771c047d",
            "line_number": 4,
            "name": "milk223",
            "is_active": false,
            "product_group": "milk",
            "production_type": 2,
            "camera_host": "s",
            "line_type": 1,
            "action_read_type": null,
            "is_deleted": true,
            "is_auto_send_report": false,
            "count_in_report": 2,
            "report_to_send": [
              1
            ]
          }
        ],
        "meta": {
          "total_count": 1171
        }
      }

========================================================================
TEST: tests/integration/test_line_management.py::test_filter_lines_per_product_group[grocery]
========================================================================

  ► POST  https://spp-dev.smartpack.world/api/web/v1/line/filter
    REQUEST BODY:
      {
        "limit": 5,
        "offset": 0,
        "product_group": "grocery"
      }
    RESPONSE STATUS: 200
    RESPONSE BODY:
      {
        "data": [
          {
            "id": "61f7c1ae9c982b5c67fd16fc",
            "line_number": 0,
            "name": "string",
            "is_active": false,
            "product_group": "antiseptic",
            "production_type": 2,
            "camera_host": null,
            "line_type": 1,
            "action_read_type": null,
            "is_deleted": true,
            "is_auto_send_report": false,
            "count_in_report": 0,
            "report_to_send": [
              1
            ]
          },
          {
            "id": "60e431f7b62082049a6aa2db",
            "line_number": 1,
            "name": "UpdatedLine-77386815",
            "is_active": true,
            "product_group": "water",
            "production_type": 2,
            "camera_host": null,
            "line_type": 1,
            "action_read_type": null,
            "is_deleted": false,
            "is_auto_send_report": false,
            "count_in_report": null,
            "report_to_send": null
          },
          {
            "id": "60eda9473d9f8c1ceea2d2a9",
            "line_number": 2,
            "name": "antiseptic",
            "is_active": false,
            "product_group": "antiseptic",
            "production_type": 2,
            "camera_host": null,
            "line_type": 1,
            "action_read_type": null,
            "is_deleted": true,
            "is_auto_send_report": false,
            "count_in_report": null,
            "report_to_send": null
          },
          {
            "id": "610d0aa43d9f8c1ceea2e07d",
            "line_number": 3,
            "name": "water",
            "is_active": false,
            "product_group": "water",
            "production_type": 2,
            "camera_host": null,
            "line_type": 1,
            "action_read_type": null,
            "is_deleted": true,
            "is_auto_send_report": false,
            "count_in_report": null,
            "report_to_send": null
          },
          {
            "id": "612752c89841f9cc771c047d",
            "line_number": 4,
            "name": "milk223",
            "is_active": false,
            "product_group": "milk",
            "production_type": 2,
            "camera_host": "s",
            "line_type": 1,
            "action_read_type": null,
            "is_deleted": true,
            "is_auto_send_report": false,
            "count_in_report": 2,
            "report_to_send": [
              1
            ]
          }
        ],
        "meta": {
          "total_count": 1171
        }
      }

========================================================================
TEST: tests/integration/test_line_management.py::test_filter_lines_per_product_group[vetpharma]
========================================================================

  ► POST  https://spp-dev.smartpack.world/api/web/v1/line/filter
    REQUEST BODY:
      {
        "limit": 5,
        "offset": 0,
        "product_group": "vetpharma"
      }
    RESPONSE STATUS: 200
    RESPONSE BODY:
      {
        "data": [
          {
            "id": "61f7c1ae9c982b5c67fd16fc",
            "line_number": 0,
            "name": "string",
            "is_active": false,
            "product_group": "antiseptic",
            "production_type": 2,
            "camera_host": null,
            "line_type": 1,
            "action_read_type": null,
            "is_deleted": true,
            "is_auto_send_report": false,
            "count_in_report": 0,
            "report_to_send": [
              1
            ]
          },
          {
            "id": "60e431f7b62082049a6aa2db",
            "line_number": 1,
            "name": "UpdatedLine-77386815",
            "is_active": true,
            "product_group": "water",
            "production_type": 2,
            "camera_host": null,
            "line_type": 1,
            "action_read_type": null,
            "is_deleted": false,
            "is_auto_send_report": false,
            "count_in_report": null,
            "report_to_send": null
          },
          {
            "id": "60eda9473d9f8c1ceea2d2a9",
            "line_number": 2,
            "name": "antiseptic",
            "is_active": false,
            "product_group": "antiseptic",
            "production_type": 2,
            "camera_host": null,
            "line_type": 1,
            "action_read_type": null,
            "is_deleted": true,
            "is_auto_send_report": false,
            "count_in_report": null,
            "report_to_send": null
          },
          {
            "id": "610d0aa43d9f8c1ceea2e07d",
            "line_number": 3,
            "name": "water",
            "is_active": false,
            "product_group": "water",
            "production_type": 2,
            "camera_host": null,
            "line_type": 1,
            "action_read_type": null,
            "is_deleted": true,
            "is_auto_send_report": false,
            "count_in_report": null,
            "report_to_send": null
          },
          {
            "id": "612752c89841f9cc771c047d",
            "line_number": 4,
            "name": "milk223",
            "is_active": false,
            "product_group": "milk",
            "production_type": 2,
            "camera_host": "s",
            "line_type": 1,
            "action_read_type": null,
            "is_deleted": true,
            "is_auto_send_report": false,
            "count_in_report": 2,
            "report_to_send": [
              1
            ]
          }
        ],
        "meta": {
          "total_count": 1171
        }
      }

========================================================================
TEST: tests/integration/test_line_management.py::test_filter_lines_per_product_group[toys]
========================================================================

  ► POST  https://spp-dev.smartpack.world/api/web/v1/line/filter
    REQUEST BODY:
      {
        "limit": 5,
        "offset": 0,
        "product_group": "toys"
      }
    RESPONSE STATUS: 200
    RESPONSE BODY:
      {
        "data": [
          {
            "id": "61f7c1ae9c982b5c67fd16fc",
            "line_number": 0,
            "name": "string",
            "is_active": false,
            "product_group": "antiseptic",
            "production_type": 2,
            "camera_host": null,
            "line_type": 1,
            "action_read_type": null,
            "is_deleted": true,
            "is_auto_send_report": false,
            "count_in_report": 0,
            "report_to_send": [
              1
            ]
          },
          {
            "id": "60e431f7b62082049a6aa2db",
            "line_number": 1,
            "name": "UpdatedLine-77386815",
            "is_active": true,
            "product_group": "water",
            "production_type": 2,
            "camera_host": null,
            "line_type": 1,
            "action_read_type": null,
            "is_deleted": false,
            "is_auto_send_report": false,
            "count_in_report": null,
            "report_to_send": null
          },
          {
            "id": "60eda9473d9f8c1ceea2d2a9",
            "line_number": 2,
            "name": "antiseptic",
            "is_active": false,
            "product_group": "antiseptic",
            "production_type": 2,
            "camera_host": null,
            "line_type": 1,
            "action_read_type": null,
            "is_deleted": true,
            "is_auto_send_report": false,
            "count_in_report": null,
            "report_to_send": null
          },
          {
            "id": "610d0aa43d9f8c1ceea2e07d",
            "line_number": 3,
            "name": "water",
            "is_active": false,
            "product_group": "water",
            "production_type": 2,
            "camera_host": null,
            "line_type": 1,
            "action_read_type": null,
            "is_deleted": true,
            "is_auto_send_report": false,
            "count_in_report": null,
            "report_to_send": null
          },
          {
            "id": "612752c89841f9cc771c047d",
            "line_number": 4,
            "name": "milk223",
            "is_active": false,
            "product_group": "milk",
            "production_type": 2,
            "camera_host": "s",
            "line_type": 1,
            "action_read_type": null,
            "is_deleted": true,
            "is_auto_send_report": false,
            "count_in_report": 2,
            "report_to_send": [
              1
            ]
          }
        ],
        "meta": {
          "total_count": 1171
        }
      }

========================================================================
TEST: tests/integration/test_line_management.py::test_filter_lines_per_product_group[homeware]
========================================================================

  ► POST  https://spp-dev.smartpack.world/api/web/v1/line/filter
    REQUEST BODY:
      {
        "limit": 5,
        "offset": 0,
        "product_group": "homeware"
      }
    RESPONSE STATUS: 200
    RESPONSE BODY:
      {
        "data": [
          {
            "id": "61f7c1ae9c982b5c67fd16fc",
            "line_number": 0,
            "name": "string",
            "is_active": false,
            "product_group": "antiseptic",
            "production_type": 2,
            "camera_host": null,
            "line_type": 1,
            "action_read_type": null,
            "is_deleted": true,
            "is_auto_send_report": false,
            "count_in_report": 0,
            "report_to_send": [
              1
            ]
          },
          {
            "id": "60e431f7b62082049a6aa2db",
            "line_number": 1,
            "name": "UpdatedLine-77386815",
            "is_active": true,
            "product_group": "water",
            "production_type": 2,
            "camera_host": null,
            "line_type": 1,
            "action_read_type": null,
            "is_deleted": false,
            "is_auto_send_report": false,
            "count_in_report": null,
            "report_to_send": null
          },
          {
            "id": "60eda9473d9f8c1ceea2d2a9",
            "line_number": 2,
            "name": "antiseptic",
            "is_active": false,
            "product_group": "antiseptic",
            "production_type": 2,
            "camera_host": null,
            "line_type": 1,
            "action_read_type": null,
            "is_deleted": true,
            "is_auto_send_report": false,
            "count_in_report": null,
            "report_to_send": null
          },
          {
            "id": "610d0aa43d9f8c1ceea2e07d",
            "line_number": 3,
            "name": "water",
            "is_active": false,
            "product_group": "water",
            "production_type": 2,
            "camera_host": null,
            "line_type": 1,
            "action_read_type": null,
            "is_deleted": true,
            "is_auto_send_report": false,
            "count_in_report": null,
            "report_to_send": null
          },
          {
            "id": "612752c89841f9cc771c047d",
            "line_number": 4,
            "name": "milk223",
            "is_active": false,
            "product_group": "milk",
            "production_type": 2,
            "camera_host": "s",
            "line_type": 1,
            "action_read_type": null,
            "is_deleted": true,
            "is_auto_send_report": false,
            "count_in_report": 2,
            "report_to_send": [
              1
            ]
          }
        ],
        "meta": {
          "total_count": 1171
        }
      }

========================================================================
TEST: tests/integration/test_line_management.py::test_filter_lines_per_product_group[chemistry]
========================================================================

  ► POST  https://spp-dev.smartpack.world/api/web/v1/line/filter
    REQUEST BODY:
      {
        "limit": 5,
        "offset": 0,
        "product_group": "chemistry"
      }
    RESPONSE STATUS: 200
    RESPONSE BODY:
      {
        "data": [
          {
            "id": "61f7c1ae9c982b5c67fd16fc",
            "line_number": 0,
            "name": "string",
            "is_active": false,
            "product_group": "antiseptic",
            "production_type": 2,
            "camera_host": null,
            "line_type": 1,
            "action_read_type": null,
            "is_deleted": true,
            "is_auto_send_report": false,
            "count_in_report": 0,
            "report_to_send": [
              1
            ]
          },
          {
            "id": "60e431f7b62082049a6aa2db",
            "line_number": 1,
            "name": "UpdatedLine-77386815",
            "is_active": true,
            "product_group": "water",
            "production_type": 2,
            "camera_host": null,
            "line_type": 1,
            "action_read_type": null,
            "is_deleted": false,
            "is_auto_send_report": false,
            "count_in_report": null,
            "report_to_send": null
          },
          {
            "id": "60eda9473d9f8c1ceea2d2a9",
            "line_number": 2,
            "name": "antiseptic",
            "is_active": false,
            "product_group": "antiseptic",
            "production_type": 2,
            "camera_host": null,
            "line_type": 1,
            "action_read_type": null,
            "is_deleted": true,
            "is_auto_send_report": false,
            "count_in_report": null,
            "report_to_send": null
          },
          {
            "id": "610d0aa43d9f8c1ceea2e07d",
            "line_number": 3,
            "name": "water",
            "is_active": false,
            "product_group": "water",
            "production_type": 2,
            "camera_host": null,
            "line_type": 1,
            "action_read_type": null,
            "is_deleted": true,
            "is_auto_send_report": false,
            "count_in_report": null,
            "report_to_send": null
          },
          {
            "id": "612752c89841f9cc771c047d",
            "line_number": 4,
            "name": "milk223",
            "is_active": false,
            "product_group": "milk",
            "production_type": 2,
            "camera_host": "s",
            "line_type": 1,
            "action_read_type": null,
            "is_deleted": true,
            "is_auto_send_report": false,
            "count_in_report": 2,
            "report_to_send": [
              1
            ]
          }
        ],
        "meta": {
          "total_count": 1171
        }
      }

========================================================================
TEST: tests/integration/test_line_management.py::test_filter_lines_per_product_group[construction]
========================================================================

  ► POST  https://spp-dev.smartpack.world/api/web/v1/line/filter
    REQUEST BODY:
      {
        "limit": 5,
        "offset": 0,
        "product_group": "construction"
      }
    RESPONSE STATUS: 200
    RESPONSE BODY:
      {
        "data": [
          {
            "id": "61f7c1ae9c982b5c67fd16fc",
            "line_number": 0,
            "name": "string",
            "is_active": false,
            "product_group": "antiseptic",
            "production_type": 2,
            "camera_host": null,
            "line_type": 1,
            "action_read_type": null,
            "is_deleted": true,
            "is_auto_send_report": false,
            "count_in_report": 0,
            "report_to_send": [
              1
            ]
          },
          {
            "id": "60e431f7b62082049a6aa2db",
            "line_number": 1,
            "name": "UpdatedLine-77386815",
            "is_active": true,
            "product_group": "water",
            "production_type": 2,
            "camera_host": null,
            "line_type": 1,
            "action_read_type": null,
            "is_deleted": false,
            "is_auto_send_report": false,
            "count_in_report": null,
            "report_to_send": null
          },
          {
            "id": "60eda9473d9f8c1ceea2d2a9",
            "line_number": 2,
            "name": "antiseptic",
            "is_active": false,
            "product_group": "antiseptic",
            "production_type": 2,
            "camera_host": null,
            "line_type": 1,
            "action_read_type": null,
            "is_deleted": true,
            "is_auto_send_report": false,
            "count_in_report": null,
            "report_to_send": null
          },
          {
            "id": "610d0aa43d9f8c1ceea2e07d",
            "line_number": 3,
            "name": "water",
            "is_active": false,
            "product_group": "water",
            "production_type": 2,
            "camera_host": null,
            "line_type": 1,
            "action_read_type": null,
            "is_deleted": true,
            "is_auto_send_report": false,
            "count_in_report": null,
            "report_to_send": null
          },
          {
            "id": "612752c89841f9cc771c047d",
            "line_number": 4,
            "name": "milk223",
            "is_active": false,
            "product_group": "milk",
            "production_type": 2,
            "camera_host": "s",
            "line_type": 1,
            "action_read_type": null,
            "is_deleted": true,
            "is_auto_send_report": false,
            "count_in_report": 2,
            "report_to_send": [
              1
            ]
          }
        ],
        "meta": {
          "total_count": 1171
        }
      }

========================================================================
TEST: tests/integration/test_line_management.py::test_filter_lines_per_product_group[fertilizers]
========================================================================

  ► POST  https://spp-dev.smartpack.world/api/web/v1/line/filter
    REQUEST BODY:
      {
        "limit": 5,
        "offset": 0,
        "product_group": "fertilizers"
      }
    RESPONSE STATUS: 200
    RESPONSE BODY:
      {
        "data": [
          {
            "id": "61f7c1ae9c982b5c67fd16fc",
            "line_number": 0,
            "name": "string",
            "is_active": false,
            "product_group": "antiseptic",
            "production_type": 2,
            "camera_host": null,
            "line_type": 1,
            "action_read_type": null,
            "is_deleted": true,
            "is_auto_send_report": false,
            "count_in_report": 0,
            "report_to_send": [
              1
            ]
          },
          {
            "id": "60e431f7b62082049a6aa2db",
            "line_number": 1,
            "name": "UpdatedLine-77386815",
            "is_active": true,
            "product_group": "water",
            "production_type": 2,
            "camera_host": null,
            "line_type": 1,
            "action_read_type": null,
            "is_deleted": false,
            "is_auto_send_report": false,
            "count_in_report": null,
            "report_to_send": null
          },
          {
            "id": "60eda9473d9f8c1ceea2d2a9",
            "line_number": 2,
            "name": "antiseptic",
            "is_active": false,
            "product_group": "antiseptic",
            "production_type": 2,
            "camera_host": null,
            "line_type": 1,
            "action_read_type": null,
            "is_deleted": true,
            "is_auto_send_report": false,
            "count_in_report": null,
            "report_to_send": null
          },
          {
            "id": "610d0aa43d9f8c1ceea2e07d",
            "line_number": 3,
            "name": "water",
            "is_active": false,
            "product_group": "water",
            "production_type": 2,
            "camera_host": null,
            "line_type": 1,
            "action_read_type": null,
            "is_deleted": true,
            "is_auto_send_report": false,
            "count_in_report": null,
            "report_to_send": null
          },
          {
            "id": "612752c89841f9cc771c047d",
            "line_number": 4,
            "name": "milk223",
            "is_active": false,
            "product_group": "milk",
            "production_type": 2,
            "camera_host": "s",
            "line_type": 1,
            "action_read_type": null,
            "is_deleted": true,
            "is_auto_send_report": false,
            "count_in_report": 2,
            "report_to_send": [
              1
            ]
          }
        ],
        "meta": {
          "total_count": 1171
        }
      }

========================================================================
TEST: tests/integration/test_line_management.py::test_filter_lines_per_product_group[fire]
========================================================================

  ► POST  https://spp-dev.smartpack.world/api/web/v1/line/filter
    REQUEST BODY:
      {
        "limit": 5,
        "offset": 0,
        "product_group": "fire"
      }
    RESPONSE STATUS: 200
    RESPONSE BODY:
      {
        "data": [
          {
            "id": "61f7c1ae9c982b5c67fd16fc",
            "line_number": 0,
            "name": "string",
            "is_active": false,
            "product_group": "antiseptic",
            "production_type": 2,
            "camera_host": null,
            "line_type": 1,
            "action_read_type": null,
            "is_deleted": true,
            "is_auto_send_report": false,
            "count_in_report": 0,
            "report_to_send": [
              1
            ]
          },
          {
            "id": "60e431f7b62082049a6aa2db",
            "line_number": 1,
            "name": "UpdatedLine-77386815",
            "is_active": true,
            "product_group": "water",
            "production_type": 2,
            "camera_host": null,
            "line_type": 1,
            "action_read_type": null,
            "is_deleted": false,
            "is_auto_send_report": false,
            "count_in_report": null,
            "report_to_send": null
          },
          {
            "id": "60eda9473d9f8c1ceea2d2a9",
            "line_number": 2,
            "name": "antiseptic",
            "is_active": false,
            "product_group": "antiseptic",
            "production_type": 2,
            "camera_host": null,
            "line_type": 1,
            "action_read_type": null,
            "is_deleted": true,
            "is_auto_send_report": false,
            "count_in_report": null,
            "report_to_send": null
          },
          {
            "id": "610d0aa43d9f8c1ceea2e07d",
            "line_number": 3,
            "name": "water",
            "is_active": false,
            "product_group": "water",
            "production_type": 2,
            "camera_host": null,
            "line_type": 1,
            "action_read_type": null,
            "is_deleted": true,
            "is_auto_send_report": false,
            "count_in_report": null,
            "report_to_send": null
          },
          {
            "id": "612752c89841f9cc771c047d",
            "line_number": 4,
            "name": "milk223",
            "is_active": false,
            "product_group": "milk",
            "production_type": 2,
            "camera_host": "s",
            "line_type": 1,
            "action_read_type": null,
            "is_deleted": true,
            "is_auto_send_report": false,
            "count_in_report": 2,
            "report_to_send": [
              1
            ]
          }
        ],
        "meta": {
          "total_count": 1171
        }
      }

========================================================================
TEST: tests/integration/test_line_management.py::test_filter_lines_per_product_group[vegetableoil]
========================================================================

  ► POST  https://spp-dev.smartpack.world/api/web/v1/line/filter
    REQUEST BODY:
      {
        "limit": 5,
        "offset": 0,
        "product_group": "vegetableoil"
      }
    RESPONSE STATUS: 200
    RESPONSE BODY:
      {
        "data": [
          {
            "id": "61f7c1ae9c982b5c67fd16fc",
            "line_number": 0,
            "name": "string",
            "is_active": false,
            "product_group": "antiseptic",
            "production_type": 2,
            "camera_host": null,
            "line_type": 1,
            "action_read_type": null,
            "is_deleted": true,
            "is_auto_send_report": false,
            "count_in_report": 0,
            "report_to_send": [
              1
            ]
          },
          {
            "id": "60e431f7b62082049a6aa2db",
            "line_number": 1,
            "name": "UpdatedLine-77386815",
            "is_active": true,
            "product_group": "water",
            "production_type": 2,
            "camera_host": null,
            "line_type": 1,
            "action_read_type": null,
            "is_deleted": false,
            "is_auto_send_report": false,
            "count_in_report": null,
            "report_to_send": null
          },
          {
            "id": "60eda9473d9f8c1ceea2d2a9",
            "line_number": 2,
            "name": "antiseptic",
            "is_active": false,
            "product_group": "antiseptic",
            "production_type": 2,
            "camera_host": null,
            "line_type": 1,
            "action_read_type": null,
            "is_deleted": true,
            "is_auto_send_report": false,
            "count_in_report": null,
            "report_to_send": null
          },
          {
            "id": "610d0aa43d9f8c1ceea2e07d",
            "line_number": 3,
            "name": "water",
            "is_active": false,
            "product_group": "water",
            "production_type": 2,
            "camera_host": null,
            "line_type": 1,
            "action_read_type": null,
            "is_deleted": true,
            "is_auto_send_report": false,
            "count_in_report": null,
            "report_to_send": null
          },
          {
            "id": "612752c89841f9cc771c047d",
            "line_number": 4,
            "name": "milk223",
            "is_active": false,
            "product_group": "milk",
            "production_type": 2,
            "camera_host": "s",
            "line_type": 1,
            "action_read_type": null,
            "is_deleted": true,
            "is_auto_send_report": false,
            "count_in_report": 2,
            "report_to_send": [
              1
            ]
          }
        ],
        "meta": {
          "total_count": 1171
        }
      }

========================================================================
TEST: tests/integration/test_line_management.py::test_filter_lines_per_product_group[petfood]
========================================================================

  ► POST  https://spp-dev.smartpack.world/api/web/v1/line/filter
    REQUEST BODY:
      {
        "limit": 5,
        "offset": 0,
        "product_group": "petfood"
      }
    RESPONSE STATUS: 200
    RESPONSE BODY:
      {
        "data": [
          {
            "id": "61f7c1ae9c982b5c67fd16fc",
            "line_number": 0,
            "name": "string",
            "is_active": false,
            "product_group": "antiseptic",
            "production_type": 2,
            "camera_host": null,
            "line_type": 1,
            "action_read_type": null,
            "is_deleted": true,
            "is_auto_send_report": false,
            "count_in_report": 0,
            "report_to_send": [
              1
            ]
          },
          {
            "id": "60e431f7b62082049a6aa2db",
            "line_number": 1,
            "name": "UpdatedLine-77386815",
            "is_active": true,
            "product_group": "water",
            "production_type": 2,
            "camera_host": null,
            "line_type": 1,
            "action_read_type": null,
            "is_deleted": false,
            "is_auto_send_report": false,
            "count_in_report": null,
            "report_to_send": null
          },
          {
            "id": "60eda9473d9f8c1ceea2d2a9",
            "line_number": 2,
            "name": "antiseptic",
            "is_active": false,
            "product_group": "antiseptic",
            "production_type": 2,
            "camera_host": null,
            "line_type": 1,
            "action_read_type": null,
            "is_deleted": true,
            "is_auto_send_report": false,
            "count_in_report": null,
            "report_to_send": null
          },
          {
            "id": "610d0aa43d9f8c1ceea2e07d",
            "line_number": 3,
            "name": "water",
            "is_active": false,
            "product_group": "water",
            "production_type": 2,
            "camera_host": null,
            "line_type": 1,
            "action_read_type": null,
            "is_deleted": true,
            "is_auto_send_report": false,
            "count_in_report": null,
            "report_to_send": null
          },
          {
            "id": "612752c89841f9cc771c047d",
            "line_number": 4,
            "name": "milk223",
            "is_active": false,
            "product_group": "milk",
            "production_type": 2,
            "camera_host": "s",
            "line_type": 1,
            "action_read_type": null,
            "is_deleted": true,
            "is_auto_send_report": false,
            "count_in_report": 2,
            "report_to_send": [
              1
            ]
          }
        ],
        "meta": {
          "total_count": 1171
        }
      }

========================================================================
TEST: tests/integration/test_line_management.py::test_filter_lines_per_product_group[books]
========================================================================

  ► POST  https://spp-dev.smartpack.world/api/web/v1/line/filter
    REQUEST BODY:
      {
        "limit": 5,
        "offset": 0,
        "product_group": "books"
      }
    RESPONSE STATUS: 200
    RESPONSE BODY:
      {
        "data": [
          {
            "id": "61f7c1ae9c982b5c67fd16fc",
            "line_number": 0,
            "name": "string",
            "is_active": false,
            "product_group": "antiseptic",
            "production_type": 2,
            "camera_host": null,
            "line_type": 1,
            "action_read_type": null,
            "is_deleted": true,
            "is_auto_send_report": false,
            "count_in_report": 0,
            "report_to_send": [
              1
            ]
          },
          {
            "id": "60e431f7b62082049a6aa2db",
            "line_number": 1,
            "name": "UpdatedLine-77386815",
            "is_active": true,
            "product_group": "water",
            "production_type": 2,
            "camera_host": null,
            "line_type": 1,
            "action_read_type": null,
            "is_deleted": false,
            "is_auto_send_report": false,
            "count_in_report": null,
            "report_to_send": null
          },
          {
            "id": "60eda9473d9f8c1ceea2d2a9",
            "line_number": 2,
            "name": "antiseptic",
            "is_active": false,
            "product_group": "antiseptic",
            "production_type": 2,
            "camera_host": null,
            "line_type": 1,
            "action_read_type": null,
            "is_deleted": true,
            "is_auto_send_report": false,
            "count_in_report": null,
            "report_to_send": null
          },
          {
            "id": "610d0aa43d9f8c1ceea2e07d",
            "line_number": 3,
            "name": "water",
            "is_active": false,
            "product_group": "water",
            "production_type": 2,
            "camera_host": null,
            "line_type": 1,
            "action_read_type": null,
            "is_deleted": true,
            "is_auto_send_report": false,
            "count_in_report": null,
            "report_to_send": null
          },
          {
            "id": "612752c89841f9cc771c047d",
            "line_number": 4,
            "name": "milk223",
            "is_active": false,
            "product_group": "milk",
            "production_type": 2,
            "camera_host": "s",
            "line_type": 1,
            "action_read_type": null,
            "is_deleted": true,
            "is_auto_send_report": false,
            "count_in_report": 2,
            "report_to_send": [
              1
            ]
          }
        ],
        "meta": {
          "total_count": 1171
        }
      }

========================================================================
TEST: tests/integration/test_line_management.py::test_filter_lines_per_product_group[radio]
========================================================================

  ► POST  https://spp-dev.smartpack.world/api/web/v1/line/filter
    REQUEST BODY:
      {
        "limit": 5,
        "offset": 0,
        "product_group": "radio"
      }
    RESPONSE STATUS: 200
    RESPONSE BODY:
      {
        "data": [
          {
            "id": "61f7c1ae9c982b5c67fd16fc",
            "line_number": 0,
            "name": "string",
            "is_active": false,
            "product_group": "antiseptic",
            "production_type": 2,
            "camera_host": null,
            "line_type": 1,
            "action_read_type": null,
            "is_deleted": true,
            "is_auto_send_report": false,
            "count_in_report": 0,
            "report_to_send": [
              1
            ]
          },
          {
            "id": "60e431f7b62082049a6aa2db",
            "line_number": 1,
            "name": "UpdatedLine-77386815",
            "is_active": true,
            "product_group": "water",
            "production_type": 2,
            "camera_host": null,
            "line_type": 1,
            "action_read_type": null,
            "is_deleted": false,
            "is_auto_send_report": false,
            "count_in_report": null,
            "report_to_send": null
          },
          {
            "id": "60eda9473d9f8c1ceea2d2a9",
            "line_number": 2,
            "name": "antiseptic",
            "is_active": false,
            "product_group": "antiseptic",
            "production_type": 2,
            "camera_host": null,
            "line_type": 1,
            "action_read_type": null,
            "is_deleted": true,
            "is_auto_send_report": false,
            "count_in_report": null,
            "report_to_send": null
          },
          {
            "id": "610d0aa43d9f8c1ceea2e07d",
            "line_number": 3,
            "name": "water",
            "is_active": false,
            "product_group": "water",
            "production_type": 2,
            "camera_host": null,
            "line_type": 1,
            "action_read_type": null,
            "is_deleted": true,
            "is_auto_send_report": false,
            "count_in_report": null,
            "report_to_send": null
          },
          {
            "id": "612752c89841f9cc771c047d",
            "line_number": 4,
            "name": "milk223",
            "is_active": false,
            "product_group": "milk",
            "production_type": 2,
            "camera_host": "s",
            "line_type": 1,
            "action_read_type": null,
            "is_deleted": true,
            "is_auto_send_report": false,
            "count_in_report": 2,
            "report_to_send": [
              1
            ]
          }
        ],
        "meta": {
          "total_count": 1171
        }
      }

========================================================================
TEST: tests/integration/test_line_management.py::test_filter_lines_per_product_group[autofluids]
========================================================================

  ► POST  https://spp-dev.smartpack.world/api/web/v1/line/filter
    REQUEST BODY:
      {
        "limit": 5,
        "offset": 0,
        "product_group": "autofluids"
      }
    RESPONSE STATUS: 200
    RESPONSE BODY:
      {
        "data": [
          {
            "id": "61f7c1ae9c982b5c67fd16fc",
            "line_number": 0,
            "name": "string",
            "is_active": false,
            "product_group": "antiseptic",
            "production_type": 2,
            "camera_host": null,
            "line_type": 1,
            "action_read_type": null,
            "is_deleted": true,
            "is_auto_send_report": false,
            "count_in_report": 0,
            "report_to_send": [
              1
            ]
          },
          {
            "id": "60e431f7b62082049a6aa2db",
            "line_number": 1,
            "name": "UpdatedLine-77386815",
            "is_active": true,
            "product_group": "water",
            "production_type": 2,
            "camera_host": null,
            "line_type": 1,
            "action_read_type": null,
            "is_deleted": false,
            "is_auto_send_report": false,
            "count_in_report": null,
            "report_to_send": null
          },
          {
            "id": "60eda9473d9f8c1ceea2d2a9",
            "line_number": 2,
            "name": "antiseptic",
            "is_active": false,
            "product_group": "antiseptic",
            "production_type": 2,
            "camera_host": null,
            "line_type": 1,
            "action_read_type": null,
            "is_deleted": true,
            "is_auto_send_report": false,
            "count_in_report": null,
            "report_to_send": null
          },
          {
            "id": "610d0aa43d9f8c1ceea2e07d",
            "line_number": 3,
            "name": "water",
            "is_active": false,
            "product_group": "water",
            "production_type": 2,
            "camera_host": null,
            "line_type": 1,
            "action_read_type": null,
            "is_deleted": true,
            "is_auto_send_report": false,
            "count_in_report": null,
            "report_to_send": null
          },
          {
            "id": "612752c89841f9cc771c047d",
            "line_number": 4,
            "name": "milk223",
            "is_active": false,
            "product_group": "milk",
            "production_type": 2,
            "camera_host": "s",
            "line_type": 1,
            "action_read_type": null,
            "is_deleted": true,
            "is_auto_send_report": false,
            "count_in_report": 2,
            "report_to_send": [
              1
            ]
          }
        ],
        "meta": {
          "total_count": 1171
        }
      }

========================================================================
TEST: tests/integration/test_line_management.py::test_filter_lines_per_product_group[carparts]
========================================================================

  ► POST  https://spp-dev.smartpack.world/api/web/v1/line/filter
    REQUEST BODY:
      {
        "limit": 5,
        "offset": 0,
        "product_group": "carparts"
      }
    RESPONSE STATUS: 200
    RESPONSE BODY:
      {
        "data": [
          {
            "id": "61f7c1ae9c982b5c67fd16fc",
            "line_number": 0,
            "name": "string",
            "is_active": false,
            "product_group": "antiseptic",
            "production_type": 2,
            "camera_host": null,
            "line_type": 1,
            "action_read_type": null,
            "is_deleted": true,
            "is_auto_send_report": false,
            "count_in_report": 0,
            "report_to_send": [
              1
            ]
          },
          {
            "id": "60e431f7b62082049a6aa2db",
            "line_number": 1,
            "name": "UpdatedLine-77386815",
            "is_active": true,
            "product_group": "water",
            "production_type": 2,
            "camera_host": null,
            "line_type": 1,
            "action_read_type": null,
            "is_deleted": false,
            "is_auto_send_report": false,
            "count_in_report": null,
            "report_to_send": null
          },
          {
            "id": "60eda9473d9f8c1ceea2d2a9",
            "line_number": 2,
            "name": "antiseptic",
            "is_active": false,
            "product_group": "antiseptic",
            "production_type": 2,
            "camera_host": null,
            "line_type": 1,
            "action_read_type": null,
            "is_deleted": true,
            "is_auto_send_report": false,
            "count_in_report": null,
            "report_to_send": null
          },
          {
            "id": "610d0aa43d9f8c1ceea2e07d",
            "line_number": 3,
            "name": "water",
            "is_active": false,
            "product_group": "water",
            "production_type": 2,
            "camera_host": null,
            "line_type": 1,
            "action_read_type": null,
            "is_deleted": true,
            "is_auto_send_report": false,
            "count_in_report": null,
            "report_to_send": null
          },
          {
            "id": "612752c89841f9cc771c047d",
            "line_number": 4,
            "name": "milk223",
            "is_active": false,
            "product_group": "milk",
            "production_type": 2,
            "camera_host": "s",
            "line_type": 1,
            "action_read_type": null,
            "is_deleted": true,
            "is_auto_send_report": false,
            "count_in_report": 2,
            "report_to_send": [
              1
            ]
          }
        ],
        "meta": {
          "total_count": 1171
        }
      }

========================================================================
TEST: tests/integration/test_line_management.py::test_filter_lines_per_product_group[bicycle]
========================================================================

  ► POST  https://spp-dev.smartpack.world/api/web/v1/line/filter
    REQUEST BODY:
      {
        "limit": 5,
        "offset": 0,
        "product_group": "bicycle"
      }
    RESPONSE STATUS: 200
    RESPONSE BODY:
      {
        "data": [
          {
            "id": "61f7c1ae9c982b5c67fd16fc",
            "line_number": 0,
            "name": "string",
            "is_active": false,
            "product_group": "antiseptic",
            "production_type": 2,
            "camera_host": null,
            "line_type": 1,
            "action_read_type": null,
            "is_deleted": true,
            "is_auto_send_report": false,
            "count_in_report": 0,
            "report_to_send": [
              1
            ]
          },
          {
            "id": "60e431f7b62082049a6aa2db",
            "line_number": 1,
            "name": "UpdatedLine-77386815",
            "is_active": true,
            "product_group": "water",
            "production_type": 2,
            "camera_host": null,
            "line_type": 1,
            "action_read_type": null,
            "is_deleted": false,
            "is_auto_send_report": false,
            "count_in_report": null,
            "report_to_send": null
          },
          {
            "id": "60eda9473d9f8c1ceea2d2a9",
            "line_number": 2,
            "name": "antiseptic",
            "is_active": false,
            "product_group": "antiseptic",
            "production_type": 2,
            "camera_host": null,
            "line_type": 1,
            "action_read_type": null,
            "is_deleted": true,
            "is_auto_send_report": false,
            "count_in_report": null,
            "report_to_send": null
          },
          {
            "id": "610d0aa43d9f8c1ceea2e07d",
            "line_number": 3,
            "name": "water",
            "is_active": false,
            "product_group": "water",
            "production_type": 2,
            "camera_host": null,
            "line_type": 1,
            "action_read_type": null,
            "is_deleted": true,
            "is_auto_send_report": false,
            "count_in_report": null,
            "report_to_send": null
          },
          {
            "id": "612752c89841f9cc771c047d",
            "line_number": 4,
            "name": "milk223",
            "is_active": false,
            "product_group": "milk",
            "production_type": 2,
            "camera_host": "s",
            "line_type": 1,
            "action_read_type": null,
            "is_deleted": true,
            "is_auto_send_report": false,
            "count_in_report": 2,
            "report_to_send": [
              1
            ]
          }
        ],
        "meta": {
          "total_count": 1171
        }
      }

========================================================================
TEST: tests/integration/test_line_management.py::test_filter_lines_per_product_group[wheelchairs]
========================================================================

  ► POST  https://spp-dev.smartpack.world/api/web/v1/line/filter
    REQUEST BODY:
      {
        "limit": 5,
        "offset": 0,
        "product_group": "wheelchairs"
      }
    RESPONSE STATUS: 200
    RESPONSE BODY:
      {
        "data": [
          {
            "id": "61f7c1ae9c982b5c67fd16fc",
            "line_number": 0,
            "name": "string",
            "is_active": false,
            "product_group": "antiseptic",
            "production_type": 2,
            "camera_host": null,
            "line_type": 1,
            "action_read_type": null,
            "is_deleted": true,
            "is_auto_send_report": false,
            "count_in_report": 0,
            "report_to_send": [
              1
            ]
          },
          {
            "id": "60e431f7b62082049a6aa2db",
            "line_number": 1,
            "name": "UpdatedLine-77386815",
            "is_active": true,
            "product_group": "water",
            "production_type": 2,
            "camera_host": null,
            "line_type": 1,
            "action_read_type": null,
            "is_deleted": false,
            "is_auto_send_report": false,
            "count_in_report": null,
            "report_to_send": null
          },
          {
            "id": "60eda9473d9f8c1ceea2d2a9",
            "line_number": 2,
            "name": "antiseptic",
            "is_active": false,
            "product_group": "antiseptic",
            "production_type": 2,
            "camera_host": null,
            "line_type": 1,
            "action_read_type": null,
            "is_deleted": true,
            "is_auto_send_report": false,
            "count_in_report": null,
            "report_to_send": null
          },
          {
            "id": "610d0aa43d9f8c1ceea2e07d",
            "line_number": 3,
            "name": "water",
            "is_active": false,
            "product_group": "water",
            "production_type": 2,
            "camera_host": null,
            "line_type": 1,
            "action_read_type": null,
            "is_deleted": true,
            "is_auto_send_report": false,
            "count_in_report": null,
            "report_to_send": null
          },
          {
            "id": "612752c89841f9cc771c047d",
            "line_number": 4,
            "name": "milk223",
            "is_active": false,
            "product_group": "milk",
            "production_type": 2,
            "camera_host": "s",
            "line_type": 1,
            "action_read_type": null,
            "is_deleted": true,
            "is_auto_send_report": false,
            "count_in_report": 2,
            "report_to_send": [
              1
            ]
          }
        ],
        "meta": {
          "total_count": 1171
        }
      }

